tx_id,order_id,customer_id,merchant_id,amount,category,status,device_id,device_age_days,LoginAttempts,CustomerAge,AccountBalance,TransactionDuration,created_at,hour,dayofweek,local_time,is_fraud
0,TX000001,AC00128,M015,14.09,electronics,Debit,D000380,30.0,1,70,5112.21,81,1681230,16,1,8555,0
1,TX000002,AC00455,M052,376.24,electronics,Debit,D000051,30.0,1,68,13758.91,141,1687884,16,1,15209,0
2,TX000003,AC00019,M009,126.29,digital_goods,Debit,D000235,30.0,1,19,1122.35,56,1689012,18,0,16337,0
3,TX000004,AC00070,M002,184.5,digital_goods,Debit,D000187,30.0,1,26,8569.06,25,1683304,16,4,10629,0
4,TX000005,AC00411,M091,13.45,digital_goods,Credit,D000308,30.0,1,26,7429.4,198,1697478,17,0,24803,0
5,TX000006,AC00393,M054,92.15,electronics,Debit,D000579,30.0,1,18,781.68,172,1680542,17,0,7867,0
6,TX000007,AC00199,M019,7.08,electronics,Credit,D000241,30.0,1,37,13316.71,139,1676479,16,2,3804,0
7,TX000008,AC00069,M020,171.42,travel,Credit,D000500,30.0,1,67,2796.24,291,1683568,17,0,10893,0
8,TX000009,AC00135,M035,106.23,travel,Credit,D000690,30.0,1,51,9095.14,86,1679417,16,1,6742,0
9,TX000010,AC00385,M007,815.96,electronics,Debit,D000199,30.0,1,55,1021.88,120,1680278,16,4,7603,0
10,TX000011,AC00150,M073,17.78,digital_goods,Credit,D000205,30.0,1,52,7599.52,59,1678812,16,1,6137,0
11,TX000012,AC00459,M030,190.02,digital_goods,Debit,D000589,30.0,1,21,1528.81,173,1675704,17,0,3029,0
12,TX000013,AC00392,M057,494.52,travel,Credit,D000032,30.0,1,24,1620.02,111,1686158,17,2,13483,0
13,TX000014,AC00264,M025,781.76,electronics,Debit,D000054,30.0,1,26,189.69,123,1700498,16,0,27823,0
14,TX000015,AC00085,M017,166.99,digital_goods,Debit,D000309,30.0,1,18,299.93,134,1676307,16,0,3632,0
15,TX000016,AC00270,M025,465.45,electronics,Debit,D000466,30.0,1,36,3465.54,129,1702398,16,1,29723,0
16,TX000017,AC00317,M048,555.8,travel,Credit,D000671,30.0,1,19,1131.26,158,1698684,16,0,26009,0
17,TX000018,AC00359,M059,492.93,digital_goods,Debit,D000432,30.0,1,39,5109.97,234,1702578,18,3,29903,0
18,TX000019,AC00242,M054,18.68,travel,Credit,D000530,30.0,1,59,7948.37,106,1676998,16,1,4323,0
19,TX000020,AC00285,M039,71.48,digital_goods,Credit,D000039,30.0,1,18,6568.59,169,1686248,18,3,13573,0
20,TX000021,AC00002,M040,59.32,travel,Debit,D000152,30.0,1,71,5750.89,38,1677602,16,1,4927,0
21,TX000022,AC00014,M065,85.77,travel,Debit,D000268,30.0,1,38,9146.19,93,1691778,18,4,19103,0
22,TX000023,AC00095,M022,52.2,digital_goods,Debit,D000142,30.0,1,39,8974.93,120,1686077,18,1,13402,0
23,TX000024,AC00453,M083,345.84,digital_goods,Debit,D000162,30.0,3,22,1402.5,142,1683051,18,1,10376,0
24,TX000025,AC00241,M028,145.54,digital_goods,Debit,D000036,30.0,1,21,1930.96,96,1677775,16,3,5100,0
25,TX000026,AC00041,M043,7.49,digital_goods,Credit,D000671,30.0,1,65,3634.67,276,1697824,17,4,25149,0
26,TX000027,AC00441,M029,246.93,electronics,Debit,D000046,30.0,5,23,673.35,158,1681749,16,0,9074,0
27,TX000028,AC00057,M008,40.32,travel,Debit,D000310,30.0,1,37,2686.52,95,1680108,16,2,7433,0
28,TX000029,AC00390,M092,127.45,digital_goods,Debit,D000232,30.0,1,44,1772.06,197,1674577,16,1,1902,0
29,TX000030,AC00313,M043,56.17,travel,Debit,D000297,30.0,1,27,1351.69,283,1695228,16,2,22553,0
30,TX000031,AC00367,M091,28.31,digital_goods,Credit,D000587,30.0,1,59,8334.47,20,1689616,17,0,16941,0
31,TX000032,AC00291,M053,59.12,electronics,Debit,D000282,30.0,1,29,9823.64,257,1675700,16,0,3025,0
32,TX000033,AC00060,M007,396.45,electronics,Debit,D000621,30.0,3,49,9690.15,168,1695659,16,0,22984,0
33,TX000034,AC00359,M094,877.81,digital_goods,Debit,D000111,30.0,1,22,399.0,150,1678728,17,0,6053,0
34,TX000035,AC00365,M002,255.26,travel,Credit,D000357,30.0,1,45,14815.87,50,1698424,16,4,25749,0
35,TX000036,AC00267,M002,124.76,travel,Debit,D000042,30.0,1,49,5764.72,45,1697473,16,0,24798,0
36,TX000037,AC00404,M028,78.13,travel,Debit,D000250,30.0,1,26,900.61,145,1700585,16,1,27910,0
37,TX000038,AC00202,M074,649.28,electronics,Debit,D000448,30.0,1,75,4875.86,137,1677779,17,3,5104,0
38,TX000039,AC00478,M048,795.31,electronics,Debit,D000077,30.0,2,66,7914.88,90,1697130,17,3,24455,0
39,TX000040,AC00405,M040,335.63,digital_goods,Debit,D000038,30.0,1,55,1019.39,216,1674580,17,1,1905,0
40,TX000041,AC00421,M014,328.47,electronics,Debit,D000557,30.0,1,63,4323.66,119,1690828,18,0,18153,0
41,TX000042,AC00480,M046,34.02,digital_goods,Debit,D000627,30.0,1,38,14214.48,19,1673280,16,0,605,0
42,TX000043,AC00120,M044,241.42,digital_goods,Credit,D000198,30.0,1,57,13357.02,116,1682017,18,3,9342,0
43,TX000044,AC00117,M009,55.32,electronics,Debit,D000197,30.0,1,19,241.79,117,1681315,16,2,8640,0
44,TX000045,AC00011,M005,304.31,travel,Debit,D000685,30.0,1,27,868.61,33,1690390,16,2,17715,0
45,TX000046,AC00401,M051,435.27,travel,Debit,D000297,30.0,1,74,4673.28,90,1696441,17,2,23766,0
46,TX000047,AC00282,M070,164.49,travel,Debit,D000103,30.0,1,26,1509.27,75,1702483,16,2,29808,0
47,TX000048,AC00439,M090,510.24,digital_goods,Debit,D000397,30.0,1,19,781.7,105,1696868,16,0,24193,0
48,TX000049,AC00296,M023,626.9,digital_goods,Debit,D000284,30.0,1,26,265.51,138,1701103,16,0,28428,0
49,TX000050,AC00471,M055,22.01,digital_goods,Credit,D000304,30.0,1,41,1335.09,175,1679935,16,0,7260,0
50,TX000051,AC00159,M040,425.34,digital_goods,Credit,D000661,30.0,1,69,3907.54,121,1676307,16,0,3632,0
51,TX000052,AC00482,M015,424.56,digital_goods,Debit,D000598,30.0,1,51,5183.85,264,1677001,17,1,4326,0
52,TX000053,AC00115,M078,85.43,travel,Debit,D000235,30.0,1,67,14904.9,145,1686156,16,2,13481,0
53,TX000054,AC00055,M036,169.5,travel,Debit,D000442,30.0,1,28,918.88,142,1694105,16,3,21430,0
54,TX000055,AC00419,M095,104.63,electronics,Debit,D000642,30.0,1,62,4477.78,90,1680112,17,2,7437,0
55,TX000056,AC00374,M052,316.95,travel,Debit,D000013,30.0,1,25,1324.03,83,1691171,17,4,18496,0
56,TX000057,AC00271,M095,60.54,travel,Credit,D000462,30.0,1,57,3534.93,52,1702576,17,3,29901,0
57,TX000058,AC00456,M075,292.56,travel,Credit,D000311,30.0,1,68,4638.37,61,1677865,17,4,5190,0
58,TX000059,AC00143,M064,386.52,travel,Debit,D000145,30.0,1,48,5630.61,28,1686327,16,4,13652,0
59,TX000060,AC00427,M064,112.07,travel,Debit,D000089,30.0,1,23,930.3,51,1696264,16,0,23589,0
60,TX000061,AC00438,M094,568.52,electronics,Debit,D000233,30.0,1,46,5499.91,152,1696617,18,4,23942,0
61,TX000062,AC00002,M087,263.99,travel,Debit,D000285,30.0,2,79,4175.02,227,1684253,16,1,11578,0
62,TX000063,AC00425,M097,349.64,digital_goods,Debit,D000516,30.0,1,48,6651.62,226,1699375,16,1,26700,0
63,TX000064,AC00325,M001,601.4,travel,Credit,D000548,30.0,1,56,8458.29,104,1685468,17,1,12793,0
64,TX000065,AC00434,M071,5.77,digital_goods,Debit,D000461,30.0,1,50,13988.12,124,1698940,16,3,26265,0
65,TX000066,AC00242,M003,201.33,travel,Credit,D000098,30.0,1,42,2585.07,186,1680109,17,2,7434,0
66,TX000067,AC00319,M005,298.42,travel,Debit,D000435,30.0,1,56,3014.75,225,1682439,16,1,9764,0
67,TX000068,AC00460,M063,521.06,travel,Debit,D000305,30.0,1,25,1951.42,128,1681843,18,1,9168,0
68,TX000069,AC00461,M057,117.28,digital_goods,Credit,D000128,30.0,1,60,3665.77,16,1675960,16,3,3285,0
69,TX000070,AC00395,M040,189.12,travel,Credit,D000684,30.0,1,32,977.01,103,1699893,16,0,27218,0
70,TX000071,AC00217,M091,133.55,electronics,Debit,D000201,30.0,1,44,3846.28,220,1689696,16,1,17021,0
71,TX000072,AC00053,M066,143.21,digital_goods,Debit,D000410,30.0,1,35,6374.82,135,1673629,17,4,954,0
72,TX000073,AC00282,M070,24.77,electronics,Debit,D000180,30.0,1,62,5866.01,55,1688494,18,1,15819,0
73,TX000074,AC00110,M046,233.92,digital_goods,Credit,D000295,30.0,1,26,6537.62,280,1697820,16,4,25145,0
74,TX000075,AC00265,M036,1212.51,travel,Debit,D000231,30.0,1,20,605.95,24,1696437,16,2,23762,1
75,TX000076,AC00239,M066,232.12,electronics,Debit,D000073,30.0,1,37,6689.87,51,1703784,17,3,31109,0
76,TX000077,AC00007,M060,162.63,digital_goods,Debit,D000070,30.0,1,22,634.17,113,1686592,17,0,13917,0
77,TX000078,AC00022,M095,91.53,travel,Debit,D000363,30.0,1,44,14676.05,69,1678725,16,0,6050,0
78,TX000079,AC00464,M045,120.29,travel,Debit,D000561,30.0,1,19,1362.39,77,1702925,18,0,30250,0
79,TX000080,AC00014,M032,174.25,digital_goods,Debit,D000375,30.0,1,50,10528.34,67,1689620,18,0,16945,0
80,TX000081,AC00406,M074,183.71,electronics,Debit,D000488,30.0,1,38,552.52,102,1687198,18,0,14523,0
81,TX000082,AC00445,M081,345.39,digital_goods,Credit,D000097,30.0,1,58,6451.96,80,1698081,17,0,25406,0
82,TX000083,AC00236,M004,922.55,electronics,Debit,D000206,30.0,1,63,4715.84,87,1674491,16,0,1816,0
83,TX000084,AC00220,M028,259.91,digital_goods,Debit,D000616,30.0,1,49,7176.86,170,1699288,16,0,26613,0
84,TX000085,AC00140,M030,154.71,digital_goods,Debit,D000494,30.0,1,34,1523.72,157,1688402,16,0,15727,0
85,TX000086,AC00098,M012,1340.19,digital_goods,Credit,D000574,30.0,1,54,8654.28,30,1696008,17,4,23333,0
86,TX000087,AC00303,M033,24.56,travel,Debit,D000428,30.0,1,64,9869.93,69,1697822,17,4,25147,0
87,TX000088,AC00373,M054,568.07,electronics,Debit,D000018,30.0,1,48,10556.81,115,1693242,17,0,20567,0
88,TX000089,AC00438,M043,9.61,digital_goods,Credit,D000453,30.0,1,58,12883.91,179,1687459,18,3,14784,0
89,TX000090,AC00437,M022,392.96,digital_goods,Debit,D000141,30.0,1,24,791.65,100,1700497,16,0,27822,0
90,TX000091,AC00106,M052,716.93,digital_goods,Credit,D000322,30.0,1,60,4064.02,34,1694710,16,3,22035,0
91,TX000092,AC00310,M009,223.85,electronics,Debit,D000481,30.0,4,53,2929.91,55,1696264,16,0,23589,0
92,TX000093,AC00149,M049,230.66,travel,Debit,D000526,30.0,1,21,618.05,135,1679940,18,0,7265,0
93,TX000094,AC00373,M047,442.12,digital_goods,Debit,D000645,30.0,1,19,1375.8,260,1703176,16,3,30501,0
94,TX000095,AC00425,M093,644.17,electronics,Debit,D000178,30.0,1,29,1143.52,72,1677773,16,3,5098,0
95,TX000096,AC00010,M048,508.68,travel,Credit,D000622,30.0,1,51,7708.41,127,1687796,16,0,15121,0
96,TX000097,AC00348,M002,858.63,travel,Credit,D000019,30.0,1,27,1872.96,185,1681838,17,1,9163,0
97,TX000098,AC00011,M007,25.36,electronics,Debit,D000192,30.0,1,57,201.04,78,1689613,17,0,16938,0
98,TX000099,AC00453,M028,147.62,travel,Debit,D000093,30.0,1,71,2115.8,133,1693589,17,4,20914,0
99,TX000100,AC00178,M004,115.02,travel,Debit,D000528,30.0,1,37,7643.66,175,1694449,16,0,21774,0
100,TX000101,AC00265,M066,383.37,travel,Debit,D000321,30.0,1,30,8901.93,24,1674581,17,1,1906,0
101,TX000102,AC00018,M095,98.54,digital_goods,Credit,D000528,30.0,1,20,9383.43,167,1691770,16,4,19095,0
102,TX000103,AC00075,M009,83.24,travel,Credit,D000607,30.0,1,55,1181.31,164,1697481,18,0,24806,0
103,TX000104,AC00464,M099,196.16,travel,Debit,D000164,30.0,1,27,9418.86,146,1677256,16,4,4581,0
104,TX000105,AC00170,M045,129.94,electronics,Debit,D000647,30.0,1,32,7954.92,235,1672677,16,0,2,0
105,TX000106,AC00235,M047,306.9,digital_goods,Debit,D000078,30.0,1,46,9418.08,51,1701361,16,3,28686,0
106,TX000107,AC00013,M032,114.98,digital_goods,Debit,D000182,30.0,1,59,6144.68,80,1698857,16,2,26182,0
107,TX000108,AC00397,M012,756.59,travel,Debit,D000028,30.0,1,27,420.65,17,1678121,16,0,5446,1
108,TX000109,AC00423,M083,503.76,digital_goods,Debit,D000518,30.0,1,22,447.82,35,1701109,18,0,28434,0
109,TX000110,AC00154,M055,143.03,electronics,Debit,D000469,30.0,1,63,7981.45,147,1690821,16,0,18146,0
110,TX000111,AC00068,M077,1045.22,electronics,Debit,D000400,30.0,1,53,1829.9,73,1700669,16,2,27994,0
111,TX000112,AC00318,M089,245.54,electronics,Debit,D000536,30.0,1,25,985.06,180,1679416,16,1,6741,0
112,TX000113,AC00396,M012,254.37,digital_goods,Credit,D000477,30.0,1,51,8849.26,174,1682015,18,3,9340,0
113,TX000114,AC00121,M009,213.76,electronics,Credit,D000574,30.0,1,78,3528.72,282,1677693,17,2,5018,0
114,TX000115,AC00336,M051,327.86,digital_goods,Debit,D000655,30.0,1,40,480.16,104,1676047,16,4,3372,0
115,TX000116,AC00468,M042,2.5,digital_goods,Debit,D000673,30.0,1,47,12145.27,107,1689957,16,4,17282,0
116,TX000117,AC00282,M040,300.08,digital_goods,Credit,D000266,30.0,1,68,13546.75,47,1696870,17,0,24195,0
117,TX000118,AC00498,M086,56.98,electronics,Credit,D000256,30.0,2,43,5688.37,122,1704126,16,0,31451,0
118,TX000119,AC00085,M041,407.65,digital_goods,Debit,D000544,30.0,1,26,8346.64,62,1688746,16,4,16071,0
119,TX000120,AC00092,M086,115.83,travel,Debit,D000663,30.0,1,39,6481.04,167,1684775,17,0,12100,0
120,TX000121,AC00295,M025,53.57,electronics,Debit,D000489,30.0,1,69,1651.33,121,1692202,16,2,19527,0
121,TX000122,AC00358,M028,63.34,digital_goods,Credit,D000434,30.0,1,46,11174.94,165,1700236,16,4,27561,0
122,TX000123,AC00311,M076,317.87,digital_goods,Debit,D000314,30.0,1,27,145.5,91,1684776,17,0,12101,0
123,TX000124,AC00066,M006,331.65,digital_goods,Debit,D000037,30.0,1,41,4172.57,61,1692984,17,4,20309,0
124,TX000125,AC00340,M001,5.04,electronics,Debit,D000021,30.0,1,56,5558.36,41,1701103,16,0,28428,0
125,TX000126,AC00284,M026,214.54,digital_goods,Credit,D000112,30.0,1,70,11151.53,247,1691171,17,4,18496,0
126,TX000127,AC00208,M081,598.81,travel,Debit,D000042,30.0,1,57,1415.52,158,1693846,16,0,21171,0
127,TX000128,AC00176,M083,841.28,digital_goods,Debit,D000276,30.0,1,26,1103.64,80,1691602,17,2,18927,0
128,TX000129,AC00053,M005,38.15,digital_goods,Debit,D000687,30.0,1,26,303.68,108,1694102,16,3,21427,0
129,TX000130,AC00320,M062,1036.66,travel,Debit,D000015,30.0,1,58,5541.57,144,1689093,16,1,16418,0
130,TX000131,AC00382,M004,124.72,travel,Debit,D000118,30.0,1,33,6309.8,105,1688404,17,0,15729,0
131,TX000132,AC00384,M059,302.45,travel,Credit,D000052,30.0,1,78,5133.61,40,1695662,17,0,22987,0
132,TX000133,AC00203,M055,208.04,digital_goods,Debit,D000339,30.0,1,47,9344.98,273,1700500,17,0,27825,0
133,TX000134,AC00498,M098,5.77,travel,Credit,D000236,30.0,1,23,1117.97,254,1700242,17,4,27567,0
134,TX000135,AC00349,M034,381.33,electronics,Debit,D000635,30.0,1,56,11835.35,75,1692636,16,0,19961,0
135,TX000136,AC00177,M065,16.16,electronics,Debit,D000465,30.0,1,50,14401.17,124,1697475,16,0,24800,0
136,TX000137,AC00284,M060,486.08,digital_goods,Debit,D000170,30.0,1,18,1748.69,68,1687281,17,1,14606,0
137,TX000138,AC00272,M003,336.39,travel,Debit,D000426,30.0,1,21,1000.46,18,1673888,16,0,1213,0
138,TX000139,AC00405,M067,997.43,digital_goods,Debit,D000661,30.0,1,69,6810.05,118,1700669,16,2,27994,0
139,TX000140,AC00385,M045,234.57,digital_goods,Debit,D000553,30.0,1,23,263.98,120,1693584,16,4,20909,0
140,TX000141,AC00403,M090,6.0,digital_goods,Debit,D000556,30.0,1,30,5442.76,246,1698086,18,0,25411,0
141,TX000142,AC00114,M052,1049.92,electronics,Debit,D000522,30.0,1,80,2037.85,21,1698079,16,0,25404,0
142,TX000143,AC00163,M057,227.14,electronics,Debit,D000439,30.0,1,18,341.94,294,1688406,17,0,15731,0
143,TX000144,AC00108,M030,233.74,digital_goods,Credit,D000600,30.0,1,66,1066.59,17,1698165,16,1,25490,0
144,TX000145,AC00397,M019,113.02,travel,Credit,D000369,30.0,1,69,6077.96,166,1695660,16,0,22985,0
145,TX000146,AC00434,M085,45.85,electronics,Debit,D000241,30.0,1,20,1659.15,92,1676570,17,3,3895,0
146,TX000147,AC00385,M026,973.39,travel,Debit,D000292,30.0,1,77,2042.22,296,1693416,17,2,20741,0
147,TX000148,AC00161,M056,514.95,digital_goods,Debit,D000109,30.0,5,41,421.93,142,1681411,18,3,8736,1
148,TX000149,AC00333,M077,415.5,electronics,Debit,D000330,30.0,1,66,10113.66,141,1690561,16,4,17886,0
149,TX000150,AC00279,M049,265.76,digital_goods,Debit,D000158,30.0,1,54,4446.17,92,1675705,17,0,3030,0
150,TX000151,AC00072,M073,69.4,digital_goods,Debit,D000413,30.0,1,80,6452.77,113,1690222,18,0,17547,0
151,TX000152,AC00242,M039,332.93,travel,Credit,D000548,30.0,1,35,2788.2,293,1700497,16,0,27822,0
152,TX000153,AC00303,M078,267.9,digital_goods,Debit,D000605,30.0,1,20,596.16,160,1696870,16,0,24195,0
153,TX000154,AC00442,M009,496.03,travel,Debit,D000070,30.0,1,61,12904.66,265,1699029,16,4,26354,0
154,TX000155,AC00087,M081,376.26,electronics,Debit,D000481,30.0,1,37,9062.4,245,1676479,16,2,3804,0
155,TX000156,AC00174,M058,83.02,digital_goods,Credit,D000226,30.0,1,36,9009.56,171,1693850,17,0,21175,0
156,TX000157,AC00421,M092,93.26,digital_goods,Credit,D000436,30.0,1,20,1152.2,72,1690474,16,3,17799,0
157,TX000158,AC00111,M030,803.37,travel,Credit,D000108,30.0,1,68,12168.37,129,1681747,16,0,9072,0
158,TX000159,AC00275,M057,35.76,travel,Debit,D000678,30.0,1,23,611.86,122,1695145,17,1,22470,0
159,TX000160,AC00492,M035,28.53,digital_goods,Debit,D000310,30.0,1,62,8670.53,99,1685551,16,2,12876,0
160,TX000161,AC00380,M002,139.53,digital_goods,Credit,D000491,30.0,1,53,10098.86,177,1696872,17,0,24197,0
161,TX000162,AC00227,M049,307.57,travel,Debit,D000076,30.0,1,33,5307.74,285,1673280,16,0,605,0
162,TX000163,AC00257,M085,60.65,travel,Credit,D000456,30.0,1,56,1047.28,53,1685124,18,4,12449,0
163,TX000164,AC00062,M028,74.86,travel,Debit,D000115,30.0,1,70,6921.48,125,1692034,17,0,19359,0
164,TX000165,AC00383,M100,117.97,travel,Debit,D000281,30.0,1,51,1475.46,137,1700851,18,4,28176,0
165,TX000166,AC00182,M044,231.91,electronics,Debit,D000371,30.0,1,34,112.76,165,1675189,18,1,2514,0
166,TX000167,AC00478,M001,126.21,travel,Debit,D000001,30.0,1,75,5669.66,268,1676390,16,1,3715,0
167,TX000168,AC00332,M010,506.28,digital_goods,Credit,D000606,30.0,2,53,1309.95,162,1683047,17,1,10372,0
168,TX000169,AC00202,M007,304.35,travel,Debit,D000281,30.0,1,31,4057.1,36,1701709,17,0,29034,0
169,TX000170,AC00331,M013,281.85,electronics,Debit,D000148,30.0,1,22,1585.98,109,1684257,17,1,11582,0
170,TX000171,AC00474,M018,777.88,travel,Debit,D000436,30.0,1,31,6825.55,17,1679331,16,0,6656,0
171,TX000172,AC00268,M093,119.18,travel,Debit,D000309,30.0,1,56,5516.5,96,1692986,18,4,20311,0
172,TX000173,AC00247,M088,177.19,digital_goods,Debit,D000666,30.0,1,76,5343.3,43,1684171,17,0,11496,0
173,TX000174,AC00298,M094,260.88,travel,Debit,D000327,30.0,1,22,903.05,36,1685379,16,0,12704,0
174,TX000175,AC00106,M046,169.47,digital_goods,Debit,D000061,30.0,1,24,1806.16,19,1679501,16,2,6826,0
175,TX000176,AC00035,M022,73.23,travel,Debit,D000059,30.0,1,26,787.74,14,1684515,16,4,11840,0
176,TX000177,AC00363,M001,1362.55,electronics,Debit,D000213,30.0,1,29,2429.68,106,1676052,18,4,3377,0
177,TX000178,AC00273,M059,792.57,electronics,Debit,D000424,30.0,1,19,770.37,164,1684772,16,0,12097,0
178,TX000179,AC00156,M049,237.06,digital_goods,Debit,D000455,30.0,1,71,1182.77,46,1702918,16,0,30243,0
179,TX000180,AC00010,M091,34.17,digital_goods,Credit,D000036,30.0,1,54,726.55,54,1700585,16,1,27910,0
180,TX000181,AC00036,M010,740.25,digital_goods,Debit,D000030,30.0,1,41,14464.3,123,1689786,17,2,17111,0
181,TX000182,AC00149,M017,453.54,electronics,Debit,D000150,30.0,1,58,12046.3,82,1681922,16,2,9247,0
182,TX000183,AC00225,M065,300.47,travel,Debit,D000272,30.0,1,73,7885.64,100,1699891,16,0,27216,0
183,TX000184,AC00077,M036,110.93,travel,Credit,D000142,30.0,1,19,1952.35,201,1680885,16,4,8210,0
184,TX000185,AC00440,M019,201.69,electronics,Debit,D000626,30.0,1,59,7328.52,299,1672764,16,1,89,0
185,TX000186,AC00321,M062,399.21,electronics,Debit,D000301,30.0,1,59,3210.39,109,1675095,16,0,2420,0
186,TX000187,AC00099,M032,1041.88,digital_goods,Debit,D000208,30.0,1,78,5726.2,57,1694018,16,2,21343,0
187,TX000188,AC00258,M084,630.36,electronics,Debit,D000091,30.0,1,62,1363.65,52,1677773,16,3,5098,0
188,TX000189,AC00132,M083,10.94,electronics,Credit,D000503,30.0,1,60,1241.99,245,1698081,17,0,25406,0
189,TX000190,AC00113,M083,215.9,electronics,Debit,D000414,30.0,1,38,7873.28,235,1672848,16,2,173,0
190,TX000191,AC00396,M072,1422.55,travel,Debit,D000569,30.0,1,79,5674.32,165,1689011,17,0,16336,0
191,TX000192,AC00099,M041,226.37,travel,Credit,D000631,30.0,1,49,9840.04,141,1695056,17,0,22381,0
192,TX000193,AC00265,M060,444.89,travel,Credit,D000173,30.0,1,43,10328.23,101,1694449,16,0,21774,0
193,TX000194,AC00047,M017,280.57,digital_goods,Credit,D000538,30.0,1,25,293.24,24,1674840,17,4,2165,1
194,TX000195,AC00005,M036,488.54,travel,Debit,D000466,30.0,1,52,7486.63,132,1688406,17,0,15731,0
195,TX000196,AC00363,M085,3.3,travel,Credit,D000215,30.0,1,50,11385.37,131,1679935,16,0,7260,0
196,TX000197,AC00426,M023,199.39,travel,Debit,D000304,30.0,1,69,7264.79,165,1692634,16,0,19959,0
197,TX000198,AC00107,M069,20.36,travel,Debit,D000082,30.0,1,62,2762.48,75,1690218,17,0,17543,0
198,TX000199,AC00237,M038,113.64,digital_goods,Debit,D000022,30.0,1,62,6675.03,32,1698167,17,1,25492,0
199,TX000200,AC00358,M022,493.11,travel,Debit,D000232,30.0,1,53,7432.99,236,1690820,16,0,18145,0
200,TX000201,AC00113,M007,307.41,electronics,Debit,D000014,30.0,1,19,1057.0,14,1686591,17,0,13916,0
201,TX000202,AC00010,M017,11.18,digital_goods,Debit,D000129,30.0,1,43,5956.89,161,1701363,16,3,28688,0
202,TX000203,AC00499,M097,313.82,travel,Debit,D000357,30.0,1,59,7261.59,151,1700074,18,2,27399,0
203,TX000204,AC00380,M063,51.0,travel,Debit,D000199,30.0,1,64,4943.16,107,1675094,16,0,2419,0
204,TX000205,AC00452,M059,140.98,travel,Debit,D000374,30.0,1,60,8127.48,100,1685032,16,3,12357,0
205,TX000206,AC00020,M092,288.04,electronics,Debit,D000582,30.0,1,68,1748.02,63,1692895,16,3,20220,0
206,TX000207,AC00181,M062,800.55,electronics,Debit,D000657,30.0,1,31,9660.22,108,1683217,16,3,10542,0
207,TX000208,AC00370,M061,485.54,electronics,Debit,D000589,30.0,1,46,6371.51,143,1675705,17,0,3030,0
208,TX000209,AC00453,M084,521.15,electronics,Debit,D000108,30.0,1,54,9442.47,214,1676657,18,4,3982,0
209,TX000210,AC00339,M056,321.79,electronics,Credit,D000537,30.0,1,63,5959.2,61,1691429,17,0,18754,0
210,TX000211,AC00249,M098,304.93,electronics,Debit,D000700,30.0,1,65,13531.22,158,1677255,16,4,4580,0
211,TX000212,AC00479,M044,432.08,electronics,Debit,D000073,30.0,1,40,11500.62,145,1690819,16,0,18144,0
212,TX000213,AC00301,M035,694.2,electronics,Debit,D000007,30.0,1,61,1389.37,72,1701966,16,3,29291,0
213,TX000214,AC00380,M088,116.86,electronics,Debit,D000531,30.0,1,55,6706.56,171,1679336,18,0,6661,0
214,TX000215,AC00130,M039,386.81,digital_goods,Credit,D000248,30.0,1,57,7175.29,149,1677866,18,4,5191,0
215,TX000216,AC00006,M026,74.88,electronics,Debit,D000139,30.0,1,25,420.67,202,1684945,16,2,12270,0
216,TX000217,AC00096,M056,195.76,travel,Debit,D000517,30.0,1,75,7323.53,99,1684772,16,0,12097,0
217,TX000218,AC00108,M074,134.7,electronics,Debit,D000637,30.0,1,50,8395.85,106,1692633,16,0,19958,0
218,TX000219,AC00070,M029,890.24,digital_goods,Credit,D000223,30.0,1,33,5140.93,161,1688753,18,4,16078,0
219,TX000220,AC00417,M088,361.27,electronics,Debit,D000676,30.0,1,63,7945.57,180,1673024,17,4,349,0
220,TX000221,AC00391,M014,131.56,travel,Debit,D000203,30.0,1,44,5873.54,42,1697733,16,3,25058,0
221,TX000222,AC00414,M097,485.51,digital_goods,Credit,D000460,30.0,1,76,3074.45,37,1701190,16,1,28515,0
222,TX000223,AC00004,M064,547.87,electronics,Debit,D000183,30.0,1,64,6155.76,131,1689009,17,0,16334,0
223,TX000224,AC00047,M042,457.3,digital_goods,Debit,D000214,30.0,1,28,8318.29,15,1687803,18,0,15128,0
224,TX000225,AC00198,M077,506.24,electronics,Debit,D000315,30.0,1,58,230.09,64,1673628,16,4,953,0
225,TX000226,AC00314,M017,486.59,travel,Debit,D000029,30.0,1,57,2513.56,119,1703004,16,1,30329,0
226,TX000227,AC00212,M087,163.68,travel,Debit,D000440,30.0,1,41,10090.05,292,1695918,16,3,23243,0
227,TX000228,AC00115,M009,581.65,electronics,Debit,D000666,30.0,1,22,480.19,176,1673283,16,0,608,0
228,TX000229,AC00055,M019,52.01,electronics,Debit,D000652,30.0,1,48,1120.88,85,1699375,16,1,26700,0
229,TX000230,AC00427,M054,630.24,electronics,Debit,D000548,30.0,1,21,370.81,62,1701281,18,2,28606,0
230,TX000231,AC00401,M099,523.74,electronics,Debit,D000551,30.0,1,43,13498.55,159,1698942,16,3,26267,0
231,TX000232,AC00430,M071,705.6,travel,Debit,D000103,30.0,3,40,14804.7,124,1676918,18,0,4243,0
232,TX000233,AC00299,M043,217.5,travel,Credit,D000485,30.0,1,46,3057.4,35,1698087,18,0,25412,0
233,TX000234,AC00345,M081,91.48,electronics,Debit,D000295,30.0,1,51,14942.78,141,1674492,16,0,1817,0
234,TX000235,AC00430,M010,5.25,electronics,Debit,D000571,30.0,1,39,14143.32,49,1699899,18,0,27224,0
235,TX000236,AC00175,M087,54.03,electronics,Credit,D000519,30.0,1,56,6736.3,161,1695143,17,1,22468,0
236,TX000237,AC00177,M037,736.73,travel,Debit,D000167,30.0,1,48,3313.07,10,1701101,16,0,28426,0
237,TX000238,AC00225,M082,368.91,travel,Debit,D000221,30.0,1,54,829.71,14,1678470,17,4,5795,0
238,TX000239,AC00394,M045,33.06,digital_goods,Credit,D000417,30.0,1,53,1540.87,170,1673971,16,1,1296,0
239,TX000240,AC00026,M098,66.5,digital_goods,Credit,D000419,30.0,1,32,6820.23,144,1683218,16,3,10543,0
240,TX000241,AC00076,M014,177.08,digital_goods,Debit,D000450,30.0,1,35,13475.14,85,1673025,17,4,350,0
241,TX000242,AC00215,M031,588.54,travel,Debit,D000609,30.0,1,32,714.45,130,1675706,17,0,3031,0
242,TX000243,AC00202,M052,173.5,electronics,Debit,D000235,30.0,1,21,1306.91,282,1698081,17,0,25406,0
243,TX000244,AC00400,M069,78.33,digital_goods,Credit,D000191,30.0,1,56,7255.33,189,1690819,16,0,18144,0
244,TX000245,AC00004,M061,40.66,travel,Debit,D000214,30.0,1,59,1153.84,156,1704125,16,0,31450,0
245,TX000246,AC00260,M063,97.22,travel,Credit,D000507,30.0,1,77,6647.73,55,1676914,17,0,4239,0
246,TX000247,AC00415,M080,34.07,travel,Debit,D000158,30.0,1,22,8709.77,81,1699291,17,0,26616,0
247,TX000248,AC00337,M012,492.06,digital_goods,Debit,D000411,30.0,1,23,857.9,74,1697732,16,3,25057,0
248,TX000249,AC00253,M015,842.01,digital_goods,Credit,D000209,30.0,1,53,509.45,185,1694537,16,1,21862,0
249,TX000250,AC00126,M086,73.55,electronics,Debit,D000210,30.0,1,51,2812.06,158,1673280,16,0,605,0
250,TX000251,AC00304,M005,760.53,digital_goods,Debit,D000651,30.0,1,57,6179.91,118,1693851,18,0,21176,0
251,TX000252,AC00470,M007,273.08,travel,Credit,D000534,30.0,1,26,6609.3,134,1675094,16,0,2419,0
252,TX000253,AC00041,M020,371.69,travel,Debit,D000374,30.0,1,67,3484.32,143,1703262,16,4,30587,0
253,TX000254,AC00442,M021,218.96,electronics,Debit,D000556,30.0,1,18,754.21,13,1693411,16,2,20736,0
254,TX000255,AC00430,M010,227.39,digital_goods,Debit,D000207,30.0,1,18,751.09,65,1703523,16,0,30848,0
255,TX000256,AC00258,M043,237.99,travel,Credit,D000563,30.0,1,39,8510.09,86,1683564,16,0,10889,0
256,TX000257,AC00073,M037,186.6,digital_goods,Debit,D000149,30.0,1,58,1508.72,13,1688488,16,1,15813,0
257,TX000258,AC00430,M042,341.15,digital_goods,Debit,D000453,30.0,1,18,511.37,148,1676308,17,0,3633,0
258,TX000259,AC00363,M091,434.58,electronics,Debit,D000136,30.0,1,59,12648.32,215,1694017,16,2,21342,0
259,TX000260,AC00307,M040,312.88,travel,Credit,D000503,30.0,1,54,233.21,44,1685124,18,4,12449,0
260,TX000261,AC00085,M094,75.15,electronics,Debit,D000014,30.0,1,23,1092.92,154,1695058,17,0,22383,0
261,TX000262,AC00448,M061,23.3,electronics,Debit,D000385,30.0,1,59,6711.15,161,1692036,18,0,19361,0
262,TX000263,AC00194,M061,47.38,digital_goods,Credit,D000388,30.0,1,25,459.37,61,1675880,18,2,3205,0
263,TX000264,AC00319,M004,512.81,travel,Debit,D000611,30.0,1,79,6994.34,30,1689785,16,2,17110,0
264,TX000265,AC00366,M098,488.15,travel,Debit,D000257,30.0,1,43,7071.09,168,1690819,16,0,18144,0
265,TX000266,AC00338,M055,12.82,electronics,Debit,D000482,30.0,1,44,9045.19,156,1680719,18,2,8044,0
266,TX000267,AC00178,M021,66.9,digital_goods,Credit,D000221,30.0,4,79,5238.71,129,1681750,16,0,9075,0
267,TX000268,AC00424,M097,535.91,digital_goods,Debit,D000583,30.0,1,43,9642.12,22,1688747,16,4,16072,0
268,TX000269,AC00147,M094,270.72,digital_goods,Credit,D000508,30.0,1,26,6263.96,53,1688407,18,0,15732,0
269,TX000270,AC00171,M033,97.98,travel,Debit,D000470,30.0,1,72,7460.33,18,1675699,16,0,3024,0
270,TX000271,AC00023,M088,196.08,digital_goods,Debit,D000623,30.0,1,61,4233.82,98,1692982,16,4,20307,0
271,TX000272,AC00263,M058,251.18,electronics,Debit,D000056,30.0,1,42,8303.9,246,1685638,16,3,12963,0
272,TX000273,AC00423,M081,44.52,digital_goods,Debit,D000618,30.0,1,28,314.28,205,1680028,18,1,7353,0
273,TX000274,AC00455,M001,178.87,digital_goods,Debit,D000663,30.0,1,35,5241.23,180,1684857,16,1,12182,0
274,TX000275,AC00454,M074,1176.28,electronics,Credit,D000476,30.0,5,54,323.69,174,1703088,16,2,30413,1
275,TX000276,AC00055,M019,386.68,travel,Debit,D000453,30.0,1,46,6863.06,128,1698770,16,1,26095,0
276,TX000277,AC00403,M049,167.14,digital_goods,Debit,D000231,30.0,1,76,3877.73,20,1682361,18,0,9686,0
277,TX000278,AC00220,M025,345.22,travel,Debit,D000217,30.0,1,69,4046.58,253,1693932,16,1,21257,0
278,TX000279,AC00009,M091,74.85,electronics,Debit,D000526,30.0,1,72,2409.73,117,1703524,17,0,30849,0
279,TX000280,AC00445,M071,671.73,travel,Debit,D000641,30.0,1,58,5211.88,54,1697472,16,0,24797,0
280,TX000281,AC00133,M084,255.04,electronics,Debit,D000206,30.0,1,45,6217.86,152,1700756,16,3,28081,0
281,TX000282,AC00362,M066,45.77,digital_goods,Debit,D000484,30.0,1,25,5978.12,109,1675965,17,3,3290,0
282,TX000283,AC00026,M088,329.69,digital_goods,Credit,D000278,30.0,1,26,1671.66,66,1673283,16,0,608,0
283,TX000284,AC00387,M059,362.04,travel,Credit,D000145,30.0,2,58,8421.88,198,1689007,16,0,16332,0
284,TX000285,AC00451,M063,11.92,travel,Debit,D000678,30.0,1,53,14611.9,52,1696873,17,0,24198,0
285,TX000286,AC00033,M012,47.42,electronics,Debit,D000249,30.0,1,64,8253.52,28,1703004,16,1,30329,0
286,TX000287,AC00087,M023,35.99,travel,Debit,D000270,30.0,1,63,4489.79,129,1674144,16,3,1469,0
287,TX000288,AC00159,M061,151.19,travel,Credit,D000658,30.0,1,37,11903.82,96,1683302,16,4,10627,0
288,TX000289,AC00177,M094,242.62,digital_goods,Credit,D000332,30.0,1,22,483.02,234,1689007,16,0,16332,0
289,TX000290,AC00093,M063,48.72,travel,Debit,D000567,30.0,1,21,816.08,17,1696013,18,4,23338,0
290,TX000291,AC00427,M020,43.46,electronics,Debit,D000263,30.0,1,25,578.06,80,1689958,17,4,17283,0
291,TX000292,AC00284,M067,1036.21,digital_goods,Debit,D000129,30.0,1,25,477.3,126,1689965,18,4,17290,0
292,TX000293,AC00189,M099,443.79,electronics,Debit,D000407,30.0,1,53,3133.85,87,1696876,18,0,24201,0
293,TX000294,AC00495,M002,365.14,digital_goods,Debit,D000640,30.0,1,68,5894.09,57,1701456,18,4,28781,0
294,TX000295,AC00148,M048,757.41,electronics,Debit,D000383,30.0,1,22,9532.42,37,1683304,16,4,10629,0
295,TX000296,AC00272,M055,20.54,travel,Debit,D000348,30.0,1,51,5327.03,72,1692641,18,0,19966,0
296,TX000297,AC00381,M018,475.36,electronics,Debit,D000540,30.0,1,34,2000.6,105,1696262,16,0,23587,0
297,TX000298,AC00110,M072,34.74,electronics,Debit,D000320,30.0,1,56,6827.57,24,1687797,16,0,15122,0
298,TX000299,AC00495,M038,689.54,travel,Debit,D000395,30.0,1,27,1633.76,93,1678121,16,0,5446,0
299,TX000300,AC00035,M059,211.18,electronics,Debit,D000428,30.0,1,73,4069.17,90,1697472,16,0,24797,0
300,TX000301,AC00119,M041,211.36,travel,Credit,D000700,30.0,1,51,7943.47,286,1700583,16,1,27908,0
301,TX000302,AC00488,M095,744.41,digital_goods,Credit,D000115,30.0,1,39,8842.47,107,1690821,16,0,18146,0
302,TX000303,AC00466,M035,61.43,digital_goods,Debit,D000084,30.0,1,24,1882.77,170,1688055,16,3,15380,0
303,TX000304,AC00489,M087,167.44,travel,Debit,D000483,30.0,1,37,12526.71,82,1695658,16,0,22983,0
304,TX000305,AC00306,M093,361.46,digital_goods,Debit,D000169,30.0,1,21,4737.84,83,1680888,17,4,8213,0
305,TX000306,AC00431,M089,378.85,travel,Debit,D000043,30.0,1,78,2300.53,126,1686936,17,4,14261,0
306,TX000307,AC00233,M063,241.11,travel,Debit,D000443,30.0,1,30,12385.05,55,1686933,16,4,14258,0
307,TX000308,AC00389,M049,131.93,travel,Credit,D000245,30.0,1,31,4547.06,13,1694453,17,0,21778,0
308,TX000309,AC00067,M047,20.28,digital_goods,Debit,D000585,30.0,1,36,2047.83,213,1689788,17,2,17113,0
309,TX000310,AC00300,M005,415.88,travel,Debit,D000146,30.0,1,70,10008.33,170,1682616,17,3,9941,0
310,TX000311,AC00386,M062,49.99,electronics,Debit,D000668,30.0,1,62,2299.64,139,1675965,17,3,3290,0
311,TX000312,AC00285,M091,1221.65,digital_goods,Debit,D000098,30.0,1,27,243.92,153,1695833,16,2,23158,0
312,TX000313,AC00219,M024,100.66,travel,Debit,D000511,30.0,1,50,14473.33,144,1686941,18,4,14266,0
313,TX000314,AC00445,M080,485.54,digital_goods,Debit,D000343,30.0,1,19,1533.32,148,1702054,16,4,29379,0
314,TX000315,AC00371,M037,321.15,travel,Debit,D000151,30.0,1,46,7005.05,179,1676048,17,4,3373,0
315,TX000316,AC00164,M076,711.3,travel,Debit,D000581,30.0,1,21,955.4,51,1687805,18,0,15130,0
316,TX000317,AC00200,M065,12.23,electronics,Debit,D000177,30.0,1,42,7844.88,139,1697126,16,3,24451,0
317,TX000318,AC00310,M013,350.94,electronics,Debit,D000154,30.0,1,20,221.56,64,1698686,17,0,26011,0
318,TX000319,AC00106,M062,301.85,digital_goods,Debit,D000433,30.0,1,54,6586.19,25,1681839,17,1,9164,0
319,TX000320,AC00444,M087,29.34,digital_goods,Debit,D000029,30.0,1,65,3944.82,30,1678383,17,3,5708,0
320,TX000321,AC00441,M060,231.71,travel,Debit,D000315,30.0,1,27,1127.98,148,1682355,17,0,9680,0
321,TX000322,AC00300,M004,179.43,electronics,Debit,D000421,30.0,1,58,2626.63,244,1691778,18,4,19103,0
322,TX000323,AC00194,M095,36.71,travel,Debit,D000671,30.0,1,48,6459.38,55,1675098,17,0,2423,0
323,TX000324,AC00248,M067,138.12,travel,Credit,D000182,30.0,1,53,1649.69,281,1681233,17,1,8558,0
324,TX000325,AC00286,M070,233.24,electronics,Debit,D000351,30.0,1,33,6939.23,72,1681750,16,0,9075,0
325,TX000326,AC00049,M086,609.14,electronics,Debit,D000224,30.0,1,39,9033.87,177,1700755,16,3,28080,0
326,TX000327,AC00471,M033,436.64,travel,Debit,D000683,30.0,1,31,14365.18,111,1703526,17,0,30851,0
327,TX000328,AC00434,M037,870.43,travel,Debit,D000427,30.0,1,29,10115.18,55,1685552,16,2,12877,0
328,TX000329,AC00264,M046,354.4,electronics,Debit,D000416,30.0,1,74,7358.65,128,1699291,17,0,26616,0
329,TX000330,AC00316,M052,22.63,digital_goods,Debit,D000488,30.0,1,53,4438.03,112,1676914,17,0,4239,0
330,TX000331,AC00087,M007,182.19,travel,Debit,D000101,30.0,1,26,1176.1,53,1687192,16,0,14517,0
331,TX000332,AC00140,M036,126.81,travel,Debit,D000693,30.0,1,26,5427.98,290,1698685,16,0,26010,0
332,TX000333,AC00418,M012,288.17,digital_goods,Debit,D000399,30.0,1,37,3653.11,50,1694191,16,4,21516,0
333,TX000334,AC00187,M066,118.77,travel,Debit,D000310,30.0,1,55,2104.82,123,1696268,17,0,23593,0
334,TX000335,AC00077,M094,651.82,electronics,Debit,D000280,30.0,1,21,1802.77,166,1681495,17,4,8820,0
335,TX000336,AC00141,M100,66.65,electronics,Debit,D000398,30.0,1,37,3559.96,33,1697561,16,1,24886,0
336,TX000337,AC00332,M085,98.53,travel,Debit,D000684,30.0,1,69,3564.8,166,1673886,16,0,1211,0
337,TX000338,AC00439,M090,138.95,digital_goods,Debit,D000675,30.0,1,71,6752.92,30,1685724,16,4,13049,0
338,TX000339,AC00055,M079,33.89,travel,Debit,D000588,30.0,1,26,1444.75,177,1699632,16,4,26957,0
339,TX000340,AC00299,M005,23.71,travel,Debit,D000284,30.0,1,58,10788.89,164,1695053,16,0,22378,0
340,TX000341,AC00107,M082,1830.0,digital_goods,Debit,D000436,30.0,1,55,2235.7,238,1677688,16,2,5013,0
341,TX000342,AC00171,M096,26.06,electronics,Debit,D000689,30.0,1,65,12893.63,283,1703178,17,3,30503,0
342,TX000343,AC00493,M023,17.07,travel,Debit,D000597,30.0,1,27,2798.15,44,1682961,17,0,10286,0
343,TX000344,AC00232,M074,703.89,digital_goods,Debit,D000473,30.0,1,46,3583.67,62,1695400,16,4,22725,0
344,TX000345,AC00156,M073,1271.9,electronics,Debit,D000312,30.0,1,47,2120.8,155,1693240,16,0,20565,0
345,TX000346,AC00442,M099,26.55,electronics,Debit,D000112,30.0,1,77,3085.38,228,1695230,17,2,22555,0
346,TX000347,AC00375,M067,147.4,travel,Debit,D000283,30.0,1,42,6797.71,259,1686327,16,4,13652,0
347,TX000348,AC00034,M005,202.11,electronics,Debit,D000072,30.0,1,27,746.47,18,1680192,16,3,7517,0
348,TX000349,AC00376,M077,308.42,travel,Debit,D000276,30.0,1,75,5427.81,39,1683044,16,1,10369,0
349,TX000350,AC00029,M035,11.18,electronics,Debit,D000609,30.0,1,53,7467.3,144,1677515,16,0,4840,0
350,TX000351,AC00040,M020,294.15,digital_goods,Debit,D000504,30.0,1,38,6362.16,136,1675354,16,3,2679,0
351,TX000352,AC00482,M066,29.58,travel,Debit,D000230,30.0,1,54,8345.26,121,1698688,17,0,26013,0
352,TX000353,AC00365,M004,139.45,digital_goods,Debit,D000139,30.0,1,27,1305.76,31,1689007,16,0,16332,0
353,TX000354,AC00340,M024,432.63,electronics,Debit,D000469,30.0,1,29,13648.36,137,1688145,17,4,15470,0
354,TX000355,AC00349,M053,131.43,digital_goods,Debit,D000391,30.0,1,43,1337.5,65,1675277,18,2,2602,0
355,TX000356,AC00374,M025,516.72,electronics,Debit,D000489,30.0,1,42,2015.69,128,1696876,18,0,24201,0
356,TX000357,AC00261,M094,121.82,digital_goods,Debit,D000095,30.0,3,69,8354.54,123,1675790,17,1,3115,0
357,TX000358,AC00459,M002,374.5,travel,Credit,D000045,30.0,1,26,1671.51,178,1690217,16,0,17542,0
358,TX000359,AC00331,M013,166.13,electronics,Debit,D000473,30.0,1,68,11822.53,227,1694019,17,2,21344,0
359,TX000360,AC00165,M017,626.9,electronics,Debit,D000686,30.0,1,23,587.11,146,1696956,16,1,24281,0
360,TX000361,AC00397,M007,466.85,travel,Debit,D000016,30.0,1,56,5422.53,165,1689613,16,0,16938,0
361,TX000362,AC00192,M055,788.84,digital_goods,Debit,D000402,30.0,1,58,1913.73,231,1684342,17,2,11667,0
362,TX000363,AC00063,M050,873.65,digital_goods,Credit,D000414,30.0,1,37,12139.83,59,1679589,16,3,6914,0
363,TX000364,AC00478,M011,525.28,electronics,Debit,D000564,30.0,1,69,4693.6,134,1680539,16,0,7864,0
364,TX000365,AC00272,M054,110.17,electronics,Debit,D000046,30.0,1,30,464.2,137,1694102,16,3,21427,0
365,TX000366,AC00092,M047,632.69,electronics,Debit,D000455,30.0,1,80,4363.74,76,1694536,16,1,21861,0
366,TX000367,AC00332,M015,124.35,electronics,Debit,D000082,30.0,1,72,3319.76,90,1702053,16,4,29378,0
367,TX000368,AC00087,M013,43.85,electronics,Debit,D000092,30.0,1,62,4356.98,122,1678724,16,0,6049,0
368,TX000369,AC00327,M046,283.81,travel,Debit,D000364,30.0,1,28,1519.35,29,1678379,16,3,5704,0
369,TX000370,AC00269,M100,168.53,electronics,Debit,D000602,30.0,1,71,5962.58,112,1686760,16,2,14085,0
370,TX000371,AC00177,M088,218.59,travel,Credit,D000004,30.0,1,40,6699.23,123,1701103,16,0,28428,0
371,TX000372,AC00322,M060,132.84,electronics,Debit,D000244,30.0,1,21,822.73,143,1692635,16,0,19960,0
372,TX000373,AC00069,M014,157.37,travel,Credit,D000001,30.0,1,42,13964.31,289,1700067,16,2,27392,0
373,TX000374,AC00264,M007,144.77,digital_goods,Debit,D000194,30.0,1,20,867.32,159,1689612,16,0,16937,0
374,TX000375,AC00014,M073,643.22,electronics,Debit,D000248,30.0,1,64,1035.86,93,1683133,17,2,10458,0
375,TX000376,AC00316,M013,1392.54,travel,Debit,D000113,30.0,1,41,13347.69,297,1700499,16,0,27824,0
376,TX000377,AC00131,M100,208.07,digital_goods,Debit,D000084,30.0,1,32,8478.9,36,1689007,16,0,16332,0
377,TX000378,AC00232,M042,94.3,travel,Debit,D000446,30.0,1,57,11088.95,57,1703526,17,0,30851,0
378,TX000379,AC00410,M095,295.5,electronics,Debit,D000445,30.0,1,59,6280.66,36,1700762,18,3,28087,0
379,TX000380,AC00488,M049,30.23,electronics,Debit,D000406,30.0,1,44,481.13,99,1699293,17,0,26618,0
380,TX000381,AC00329,M078,112.05,electronics,Credit,D000156,30.0,1,26,1122.88,159,1698336,16,3,25661,0
381,TX000382,AC00021,M098,180.24,travel,Debit,D000106,30.0,1,58,8431.23,144,1688403,17,0,15728,0
382,TX000383,AC00188,M084,13.71,digital_goods,Credit,D000483,30.0,1,38,8342.79,148,1685469,17,1,12794,0
383,TX000384,AC00341,M020,96.54,travel,Debit,D000387,30.0,1,58,7182.22,95,1678728,17,0,6053,0
384,TX000385,AC00090,M051,79.35,digital_goods,Debit,D000277,30.0,1,67,1692.15,70,1685379,17,0,12704,0
385,TX000386,AC00456,M067,101.04,electronics,Debit,D000020,30.0,1,27,1695.57,160,1689012,18,0,16337,0
386,TX000387,AC00322,M003,74.42,digital_goods,Debit,D000273,30.0,1,49,6264.21,68,1700760,17,3,28085,0
387,TX000388,AC00135,M045,39.66,travel,Debit,D000680,30.0,1,52,8497.34,169,1684426,16,3,11751,0
388,TX000389,AC00279,M004,99.36,electronics,Debit,D000019,30.0,1,40,1272.12,46,1683651,16,1,10976,0
389,TX000390,AC00210,M047,123.85,digital_goods,Debit,D000274,30.0,1,56,3959.62,244,1692989,18,4,20314,0
390,TX000391,AC00251,M054,426.93,electronics,Debit,D000129,30.0,1,19,476.19,248,1703523,17,0,30848,0
391,TX000392,AC00116,M001,133.73,digital_goods,Credit,D000664,30.0,1,25,1872.22,123,1684254,16,1,11579,0
392,TX000393,AC00131,M088,222.39,digital_goods,Debit,D000008,30.0,1,49,3117.39,73,1692808,16,2,20133,0
393,TX000394,AC00265,M021,215.94,digital_goods,Credit,D000037,30.0,1,22,1841.69,140,1685981,16,0,13306,0
394,TX000395,AC00326,M017,6.3,travel,Debit,D000539,30.0,5,80,7697.68,283,1702579,18,3,29904,0
395,TX000396,AC00411,M042,826.23,electronics,Debit,D000056,30.0,1,29,7580.59,209,1685550,16,2,12875,0
396,TX000397,AC00039,M015,416.37,digital_goods,Debit,D000686,30.0,1,35,7936.91,67,1697040,16,2,24365,0
397,TX000398,AC00293,M006,131.46,travel,Debit,D000287,30.0,1,67,6642.33,258,1684168,16,0,11493,0
398,TX000399,AC00306,M088,202.86,travel,Credit,D000589,30.0,1,61,7642.25,149,1684776,17,0,12101,0
399,TX000400,AC00285,M017,268.39,electronics,Debit,D000015,30.0,1,26,136.74,171,1687803,18,0,15128,0
400,TX000401,AC00145,M096,194.85,digital_goods,Debit,D000601,30.0,4,23,319.84,130,1694537,16,1,21862,0
401,TX000402,AC00128,M028,137.35,digital_goods,Credit,D000051,30.0,1,40,12662.66,220,1680113,18,2,7438,0
402,TX000403,AC00292,M074,712.75,travel,Debit,D000573,30.0,1,44,8126.06,25,1685120,17,4,12445,0
403,TX000404,AC00020,M035,353.82,electronics,Debit,D000043,30.0,1,42,705.75,143,1681149,17,0,8474,0
404,TX000405,AC00229,M063,507.25,travel,Debit,D000672,30.0,1,73,5331.57,143,1698686,17,0,26011,0
405,TX000406,AC00053,M050,212.74,travel,Debit,D000110,30.0,1,27,7645.47,128,1702580,18,3,29905,0
406,TX000407,AC00401,M078,364.42,electronics,Debit,D000469,30.0,1,51,8119.73,146,1696957,17,1,24282,0
407,TX000408,AC00208,M043,195.12,electronics,Debit,D000603,30.0,1,46,6101.15,144,1690306,17,1,17631,0
408,TX000409,AC00177,M076,230.61,travel,Debit,D000083,30.0,1,80,2561.42,204,1693845,16,0,21170,0
409,TX000410,AC00136,M026,739.28,travel,Credit,D000576,30.0,1,58,11905.64,47,1687193,16,0,14518,0
410,TX000411,AC00029,M019,390.35,electronics,Credit,D000274,30.0,1,64,7095.88,61,1695753,18,1,23078,0
411,TX000412,AC00210,M014,242.03,digital_goods,Debit,D000605,30.0,1,58,4382.73,124,1678723,16,0,6048,0
412,TX000413,AC00421,M008,242.39,electronics,Credit,D000451,30.0,1,18,1328.73,271,1700497,16,0,27822,0
413,TX000414,AC00400,M097,135.03,electronics,Debit,D000029,30.0,1,23,1278.0,180,1677258,17,4,4583,0
414,TX000415,AC00495,M100,83.5,travel,Debit,D000446,30.0,5,61,1749.79,91,1684176,18,0,11501,0
415,TX000416,AC00301,M088,193.54,travel,Debit,D000150,30.0,1,80,2929.51,267,1698165,16,1,25490,0
416,TX000417,AC00434,M035,617.36,travel,Debit,D000137,30.0,1,29,8926.38,61,1700586,17,1,27911,0
417,TX000418,AC00274,M036,775.23,digital_goods,Credit,D000220,30.0,1,59,5977.59,38,1691426,16,0,18751,0
418,TX000419,AC00365,M031,266.57,electronics,Debit,D000223,30.0,1,72,7676.92,100,1695748,17,1,23073,0
419,TX000420,AC00480,M057,153.4,electronics,Debit,D000599,30.0,1,45,4657.7,144,1680284,17,4,7609,0
420,TX000421,AC00318,M018,946.94,travel,Debit,D000019,30.0,1,53,5579.11,251,1702315,17,0,29640,0
421,TX000422,AC00235,M002,5.12,travel,Debit,D000660,30.0,1,34,3293.01,90,1697213,16,4,24538,0
422,TX000423,AC00333,M070,119.11,electronics,Debit,D000078,30.0,1,57,7998.25,131,1688142,16,4,15467,0
423,TX000424,AC00262,M005,1096.7,digital_goods,Debit,D000234,30.0,1,24,1093.89,147,1679935,16,0,7260,0
424,TX000425,AC00267,M011,119.72,travel,Debit,D000445,30.0,1,30,3435.34,123,1675448,18,4,2773,0
425,TX000426,AC00490,M079,107.4,digital_goods,Debit,D000271,30.0,1,58,344.07,32,1687452,16,3,14777,0
426,TX000427,AC00229,M033,115.92,electronics,Debit,D000386,30.0,1,53,3897.17,57,1673980,18,1,1305,0
427,TX000428,AC00196,M025,438.04,electronics,Debit,D000694,30.0,1,67,5358.95,247,1692903,18,3,20228,0
428,TX000429,AC00182,M015,677.29,digital_goods,Debit,D000016,30.0,1,27,627.79,287,1682965,18,0,10290,0
429,TX000430,AC00357,M085,296.0,travel,Debit,D000623,30.0,1,35,7418.82,248,1684167,16,0,11492,0
430,TX000431,AC00443,M034,299.09,travel,Credit,D000540,30.0,1,36,5615.26,84,1673885,16,0,1210,0
431,TX000432,AC00499,M068,461.52,travel,Credit,D000670,30.0,1,24,1995.18,44,1684168,16,0,11493,0
432,TX000433,AC00285,M038,100.52,electronics,Debit,D000140,30.0,1,50,453.39,110,1675099,17,0,2424,0
433,TX000434,AC00475,M074,85.35,electronics,Debit,D000514,30.0,1,66,2173.76,166,1688573,16,2,15898,0
434,TX000435,AC00217,M055,79.76,travel,Debit,D000268,30.0,1,39,6452.14,170,1675700,16,0,3025,0
435,TX000436,AC00452,M054,778.49,digital_goods,Credit,D000102,30.0,1,75,7713.67,107,1688402,16,0,15727,0
436,TX000437,AC00357,M058,386.38,digital_goods,Debit,D000461,30.0,1,42,5528.36,135,1674576,16,1,1901,0
437,TX000438,AC00080,M025,165.25,digital_goods,Debit,D000124,30.0,1,35,9939.94,106,1700845,17,4,28170,0
438,TX000439,AC00493,M070,14.29,electronics,Debit,D000317,30.0,1,34,7016.99,150,1677601,16,1,4926,0
439,TX000440,AC00420,M019,232.79,travel,Credit,D000160,30.0,1,55,2661.3,145,1695231,17,2,22556,0
440,TX000441,AC00040,M060,1237.56,travel,Credit,D000077,30.0,1,60,9410.17,159,1699897,17,0,27222,0
441,TX000442,AC00351,M015,92.29,travel,Debit,D000264,30.0,1,54,2026.32,115,1676477,16,2,3802,0
442,TX000443,AC00070,M047,293.97,travel,Debit,D000444,30.0,1,68,7371.85,153,1699896,17,0,27221,0
443,TX000444,AC00273,M060,136.32,digital_goods,Debit,D000548,30.0,1,19,264.83,113,1697050,18,2,24375,0
444,TX000445,AC00280,M003,251.06,digital_goods,Debit,D000593,30.0,1,36,10001.66,34,1701883,17,2,29208,0
445,TX000446,AC00480,M039,50.17,electronics,Credit,D000549,30.0,1,77,7752.14,35,1695056,16,0,22381,0
446,TX000447,AC00122,M027,21.4,travel,Debit,D000537,30.0,1,34,9594.11,258,1703606,16,1,30931,0
447,TX000448,AC00072,M096,73.28,travel,Debit,D000137,30.0,1,21,1329.41,21,1678469,17,4,5794,0
448,TX000449,AC00093,M066,70.23,electronics,Debit,D000293,30.0,1,38,11624.93,260,1694621,16,2,21946,0
449,TX000450,AC00407,M034,689.29,electronics,Debit,D000286,30.0,1,22,168.84,100,1673026,17,4,351,0
450,TX000451,AC00495,M075,745.03,digital_goods,Debit,D000031,30.0,1,28,160.57,231,1691084,17,3,18409,0
451,TX000452,AC00119,M043,54.61,electronics,Debit,D000079,30.0,1,58,7135.64,160,1701706,16,0,29031,0
452,TX000453,AC00271,M008,54.05,travel,Debit,D000373,30.0,1,27,469.14,146,1682441,16,1,9766,0
453,TX000454,AC00235,M037,107.47,digital_goods,Debit,D000606,30.0,1,67,7517.5,144,1681321,17,2,8646,0
454,TX000455,AC00264,M045,611.11,electronics,Debit,D000215,30.0,4,20,919.84,282,1697653,18,2,24978,0
455,TX000456,AC00307,M002,219.63,electronics,Debit,D000220,30.0,1,48,8013.63,44,1699632,16,4,26957,0
456,TX000457,AC00434,M099,188.7,travel,Debit,D000501,30.0,1,54,5077.06,123,1676044,16,4,3369,0
457,TX000458,AC00290,M011,93.52,digital_goods,Debit,D000430,30.0,1,51,2791.2,97,1692034,17,0,19359,0
458,TX000459,AC00021,M042,275.92,travel,Credit,D000315,30.0,1,62,1777.38,107,1695062,18,0,22387,0
459,TX000460,AC00499,M039,376.79,travel,Debit,D000242,30.0,1,68,7749.14,265,1675100,17,0,2425,0
460,TX000461,AC00148,M063,8.98,digital_goods,Debit,D000229,30.0,1,66,4516.76,56,1692634,16,0,19959,0
461,TX000462,AC00200,M080,697.32,digital_goods,Debit,D000277,30.0,1,68,2016.02,91,1683822,16,3,11147,0
462,TX000463,AC00074,M059,17.45,electronics,Debit,D000630,30.0,1,18,1959.52,88,1694623,16,2,21948,0
463,TX000464,AC00417,M014,302.16,digital_goods,Debit,D000123,30.0,5,80,3876.61,138,1697651,17,2,24976,0
464,TX000465,AC00182,M019,442.74,travel,Debit,D000563,30.0,1,23,1790.27,136,1697478,17,0,24803,0
465,TX000466,AC00177,M005,623.9,electronics,Debit,D000162,30.0,1,27,711.47,249,1691516,17,1,18841,0
466,TX000467,AC00063,M015,445.41,electronics,Debit,D000039,30.0,3,35,12154.66,235,1700497,16,0,27822,0
467,TX000468,AC00300,M035,63.41,electronics,Debit,D000116,30.0,1,26,1546.22,36,1700846,17,4,28171,0
468,TX000469,AC00218,M025,346.85,electronics,Debit,D000128,30.0,1,44,7208.15,88,1699036,18,4,26361,0
469,TX000470,AC00036,M100,71.95,digital_goods,Credit,D000410,30.0,1,59,9267.32,53,1676306,16,0,3631,0
470,TX000471,AC00371,M054,7.5,digital_goods,Debit,D000181,30.0,1,63,6485.78,36,1676650,16,4,3975,0
471,TX000472,AC00398,M013,206.46,electronics,Debit,D000620,30.0,1,65,3984.38,279,1701109,18,0,28434,0
472,TX000473,AC00213,M055,423.11,electronics,Debit,D000113,30.0,1,60,412.78,47,1690310,18,1,17635,0
473,TX000474,AC00464,M013,35.84,digital_goods,Credit,D000422,30.0,1,54,4795.65,172,1680024,17,1,7349,0
474,TX000475,AC00219,M054,88.6,travel,Credit,D000403,30.0,1,28,246.57,105,1676394,17,1,3719,0
475,TX000476,AC00464,M082,1431.3,electronics,Debit,D000563,30.0,1,18,1058.13,168,1693853,18,0,21178,0
476,TX000477,AC00442,M079,53.81,electronics,Credit,D000663,30.0,2,55,2564.62,37,1697475,16,0,24800,0
477,TX000478,AC00054,M087,22.46,digital_goods,Debit,D000602,30.0,1,54,6631.5,78,1684339,16,2,11664,0
478,TX000479,AC00392,M040,334.89,digital_goods,Debit,D000697,30.0,1,21,1661.68,260,1689877,18,3,17202,0
479,TX000480,AC00350,M068,319.27,digital_goods,Credit,D000457,30.0,1,54,5504.01,59,1689872,16,3,17197,0
480,TX000481,AC00306,M049,144.3,electronics,Debit,D000098,30.0,1,18,312.19,88,1702056,17,4,29381,0
481,TX000482,AC00229,M067,348.7,travel,Credit,D000175,30.0,1,69,2445.58,149,1683047,17,1,10372,0
482,TX000483,AC00148,M052,366.21,electronics,Debit,D000483,30.0,1,62,10862.99,181,1673546,17,3,871,0
483,TX000484,AC00305,M015,99.11,digital_goods,Debit,D000195,30.0,1,55,5414.87,12,1682960,16,0,10285,0
484,TX000485,AC00329,M002,539.35,electronics,Debit,D000051,30.0,1,55,3919.44,127,1684776,17,0,12101,0
485,TX000486,AC00400,M065,188.99,travel,Debit,D000551,30.0,1,58,7315.34,92,1686242,16,3,13567,0
486,TX000487,AC00148,M015,1416.69,electronics,Debit,D000418,30.0,1,46,3740.73,58,1673888,17,0,1213,0
487,TX000488,AC00128,M059,710.14,electronics,Debit,D000667,30.0,1,26,465.63,227,1678292,16,2,5617,0
488,TX000489,AC00463,M064,308.68,digital_goods,Debit,D000391,30.0,1,53,9992.36,170,1677518,17,0,4843,0
489,TX000490,AC00256,M008,166.68,electronics,Debit,D000130,30.0,1,57,5141.19,139,1679942,18,0,7267,0
490,TX000491,AC00166,M029,0.99,electronics,Debit,D000503,30.0,1,45,4317.85,133,1694624,16,2,21949,0
491,TX000492,AC00318,M023,505.19,electronics,Debit,D000660,30.0,5,30,5326.68,128,1678811,16,1,6136,0
492,TX000493,AC00213,M040,66.58,travel,Debit,D000419,30.0,1,23,1636.32,79,1701709,17,0,29034,0
493,TX000494,AC00075,M091,223.43,travel,Debit,D000095,30.0,1,77,7932.41,178,1675879,17,2,3204,0
494,TX000495,AC00498,M044,659.95,digital_goods,Debit,D000665,30.0,1,60,3927.69,114,1695229,16,2,22554,0
495,TX000496,AC00039,M009,634.86,electronics,Debit,D000151,30.0,1,27,588.5,45,1691684,16,3,19009,0
496,TX000497,AC00114,M097,286.5,travel,Credit,D000602,30.0,1,30,8517.95,60,1698080,16,0,25405,0
497,TX000498,AC00326,M033,322.96,travel,Credit,D000275,30.0,1,76,2401.59,168,1701102,16,0,28427,0
498,TX000499,AC00450,M047,654.48,travel,Debit,D000277,30.0,1,19,6776.41,114,1691426,16,0,18751,0
499,TX000500,AC00325,M009,157.97,travel,Debit,D000635,30.0,1,48,5529.92,140,1687363,16,2,14688,0
500,TX000501,AC00433,M074,120.9,travel,Debit,D000195,30.0,1,40,9009.42,52,1689178,16,2,16503,0
501,TX000502,AC00284,M031,254.77,travel,Debit,D000216,30.0,1,57,5994.87,57,1674060,16,2,1385,0
502,TX000503,AC00103,M014,795.96,digital_goods,Debit,D000283,30.0,1,65,5468.58,119,1695923,17,3,23248,0
503,TX000504,AC00080,M067,149.25,electronics,Debit,D000604,30.0,1,39,5677.52,142,1681144,16,0,8469,0
504,TX000505,AC00052,M092,3.42,digital_goods,Credit,D000484,30.0,1,43,14180.21,158,1695658,16,0,22983,0
505,TX000506,AC00095,M026,68.19,digital_goods,Credit,D000589,30.0,1,40,9895.1,189,1678810,16,1,6135,0
506,TX000507,AC00327,M039,493.42,travel,Debit,D000474,30.0,1,39,2232.84,111,1686763,17,2,14088,0
507,TX000508,AC00491,M048,37.57,electronics,Debit,D000422,30.0,1,57,7739.54,42,1682534,18,2,9859,0
508,TX000509,AC00353,M015,127.0,travel,Credit,D000024,30.0,5,19,431.16,68,1694797,17,4,22122,0
509,TX000510,AC00266,M005,96.89,electronics,Debit,D000295,30.0,1,59,6044.93,53,1678982,16,3,6307,0
510,TX000511,AC00167,M031,448.33,electronics,Debit,D000452,30.0,1,25,922.19,161,1682957,16,0,10282,0
511,TX000512,AC00153,M057,1116.48,electronics,Debit,D000633,30.0,1,51,447.53,55,1695059,17,0,22384,0
512,TX000513,AC00012,M037,8.65,digital_goods,Debit,D000309,30.0,1,48,10778.35,273,1685984,17,0,13309,0
513,TX000514,AC00469,M039,65.57,digital_goods,Debit,D000649,30.0,1,41,7513.79,82,1680801,17,3,8126,0
514,TX000515,AC00127,M064,539.81,digital_goods,Debit,D000632,30.0,1,46,2051.25,177,1676996,16,1,4321,0
515,TX000516,AC00480,M068,363.53,electronics,Debit,D000131,30.0,1,63,1038.91,142,1674061,17,2,1386,0
516,TX000517,AC00092,M043,64.9,travel,Credit,D000165,30.0,1,51,6854.61,72,1676391,16,1,3716,0
517,TX000518,AC00122,M028,358.18,electronics,Debit,D000650,30.0,1,18,619.86,157,1681145,16,0,8470,0
518,TX000519,AC00067,M036,167.2,travel,Debit,D000002,30.0,1,30,11320.83,84,1674064,17,2,1389,0
519,TX000520,AC00014,M015,121.91,travel,Debit,D000264,30.0,1,60,14510.8,133,1687804,18,0,15129,0
520,TX000521,AC00098,M067,137.57,digital_goods,Debit,D000218,30.0,1,54,5103.67,70,1702315,17,0,29640,0
521,TX000522,AC00345,M007,534.62,digital_goods,Debit,D000354,30.0,1,55,13793.53,45,1701798,17,1,29123,0
522,TX000523,AC00360,M010,463.92,digital_goods,Debit,D000533,30.0,1,50,2403.39,199,1678725,16,0,6050,0
523,TX000524,AC00043,M021,320.14,digital_goods,Debit,D000141,30.0,1,60,3075.97,96,1675184,16,1,2509,0
524,TX000525,AC00295,M038,214.93,digital_goods,Debit,D000038,30.0,1,28,7835.4,52,1684170,17,0,11495,0
525,TX000526,AC00313,M053,660.02,travel,Debit,D000462,30.0,1,20,414.43,84,1697129,16,3,24454,0
526,TX000527,AC00173,M099,345.81,travel,Debit,D000417,30.0,1,40,6116.8,135,1687795,16,0,15120,0
527,TX000528,AC00364,M096,143.54,electronics,Debit,D000432,30.0,1,71,6067.62,80,1697472,16,0,24797,0
528,TX000529,AC00339,M013,42.55,travel,Debit,D000034,30.0,1,53,7341.43,29,1680289,18,4,7614,0
529,TX000530,AC00265,M070,1063.25,digital_goods,Credit,D000029,30.0,1,21,1240.71,128,1673974,16,1,1299,0
530,TX000531,AC00369,M098,541.79,electronics,Debit,D000558,30.0,1,22,1454.08,125,1691772,16,4,19097,0
531,TX000532,AC00033,M096,40.57,travel,Debit,D000380,30.0,1,26,1476.91,63,1676307,17,0,3632,0
532,TX000533,AC00077,M087,120.24,travel,Debit,D000570,30.0,2,18,1943.13,131,1693241,16,0,20566,0
533,TX000534,AC00437,M036,498.67,digital_goods,Debit,D000690,30.0,1,28,1719.97,244,1701793,16,1,29118,0
534,TX000535,AC00152,M074,227.22,electronics,Debit,D000350,30.0,1,53,832.82,220,1679943,18,0,7268,0
535,TX000536,AC00161,M050,1182.86,digital_goods,Debit,D000673,30.0,1,30,7696.16,34,1702310,16,0,29635,0
536,TX000537,AC00125,M043,56.94,digital_goods,Credit,D000542,30.0,1,76,7004.63,74,1702313,16,0,29638,0
537,TX000538,AC00311,M056,629.82,electronics,Debit,D000198,30.0,1,68,6385.69,159,1689610,16,0,16935,0
538,TX000539,AC00183,M002,59.44,digital_goods,Debit,D000479,30.0,1,35,5472.03,176,1686678,17,1,14003,0
539,TX000540,AC00407,M015,186.69,travel,Debit,D000546,30.0,1,30,8602.22,54,1703867,16,4,31192,0
540,TX000541,AC00093,M003,230.46,digital_goods,Debit,D000401,30.0,1,19,162.53,179,1682444,17,1,9769,0
541,TX000542,AC00314,M066,65.09,digital_goods,Credit,D000434,30.0,1,44,9370.9,159,1677607,17,1,4932,0
542,TX000543,AC00467,M033,457.09,digital_goods,Credit,D000278,30.0,1,55,8570.82,63,1685033,16,3,12358,0
543,TX000544,AC00316,M048,552.02,electronics,Credit,D000061,30.0,1,44,522.08,100,1701363,16,3,28688,0
544,TX000545,AC00145,M049,377.12,electronics,Debit,D000321,30.0,1,34,836.67,61,1692033,17,0,19358,0
545,TX000546,AC00045,M013,204.56,travel,Credit,D000094,30.0,1,18,364.72,179,1694454,17,0,21779,0
546,TX000547,AC00005,M002,420.28,travel,Debit,D000677,30.0,1,35,8557.32,144,1684344,17,2,11669,0
547,TX000548,AC00456,M052,97.09,electronics,Debit,D000164,30.0,4,24,1579.57,202,1681151,18,0,8476,0
548,TX000549,AC00041,M025,124.59,travel,Debit,D000037,30.0,1,27,129.29,171,1683307,17,4,10632,0
549,TX000550,AC00257,M015,73.88,digital_goods,Debit,D000611,30.0,1,39,6474.41,34,1672676,16,0,1,0
550,TX000551,AC00356,M047,77.43,digital_goods,Debit,D000403,30.0,1,21,1380.21,169,1674144,16,3,1469,0
551,TX000552,AC00465,M098,106.16,electronics,Debit,D000673,30.0,4,56,7487.79,277,1681492,17,4,8817,0
552,TX000553,AC00158,M054,245.93,travel,Debit,D000096,30.0,1,54,7986.63,172,1686077,18,1,13402,0
553,TX000554,AC00086,M100,622.41,electronics,Debit,D000680,30.0,1,64,7322.01,125,1702313,16,0,29638,0
554,TX000555,AC00322,M011,43.73,electronics,Debit,D000631,30.0,1,34,9929.43,145,1680540,16,0,7865,0
555,TX000556,AC00433,M070,1282.86,travel,Debit,D000388,30.0,1,19,1830.98,68,1684169,16,0,11494,0
556,TX000557,AC00083,M012,2.03,electronics,Credit,D000271,30.0,1,33,3012.31,28,1704125,16,0,31450,0
557,TX000558,AC00402,M016,770.65,digital_goods,Debit,D000119,30.0,1,31,7198.8,137,1688579,17,2,15904,0
558,TX000559,AC00317,M065,260.31,travel,Debit,D000404,30.0,1,63,10980.38,113,1677602,16,1,4927,0
559,TX000560,AC00030,M043,356.1,travel,Credit,D000441,30.0,1,26,868.35,187,1698250,16,2,25575,0
560,TX000561,AC00114,M004,27.07,travel,Credit,D000046,30.0,1,80,3773.29,39,1678124,17,0,5449,0
561,TX000562,AC00301,M004,119.89,electronics,Debit,D000013,30.0,1,67,6697.77,60,1703005,17,1,30330,0
562,TX000563,AC00216,M003,106.39,digital_goods,Debit,D000485,30.0,1,37,9410.99,281,1676313,18,0,3638,0
563,TX000564,AC00223,M053,12.04,digital_goods,Debit,D000535,30.0,1,37,6213.32,58,1700064,16,2,27389,0
564,TX000565,AC00413,M045,365.7,travel,Debit,D000051,30.0,2,21,368.78,115,1674837,16,4,2162,0
565,TX000566,AC00086,M064,29.38,travel,Credit,D000053,30.0,1,28,1663.31,63,1676478,16,2,3803,0
566,TX000567,AC00216,M083,319.85,electronics,Debit,D000589,30.0,1,60,711.66,148,1690389,16,2,17714,0
567,TX000568,AC00240,M048,350.14,digital_goods,Credit,D000182,30.0,1,75,2403.25,38,1679683,18,4,7008,0
568,TX000569,AC00298,M041,163.94,travel,Credit,D000352,30.0,1,52,5957.37,73,1691088,18,3,18413,0
569,TX000570,AC00460,M089,170.53,travel,Debit,D000140,30.0,1,24,801.01,58,1675709,18,0,3034,0
570,TX000571,AC00424,M080,262.22,electronics,Credit,D000006,30.0,1,40,5711.71,136,1689270,17,3,16595,0
571,TX000572,AC00434,M027,41.49,digital_goods,Debit,D000422,30.0,1,24,928.33,13,1682354,16,0,9679,0
572,TX000573,AC00471,M062,121.43,travel,Credit,D000244,30.0,1,52,7365.28,243,1679415,16,1,6740,0
573,TX000574,AC00461,M023,350.46,travel,Debit,D000079,30.0,1,51,5839.38,165,1702052,16,4,29377,0
574,TX000575,AC00188,M059,220.41,digital_goods,Credit,D000574,30.0,1,26,5116.98,155,1693845,16,0,21170,0
575,TX000576,AC00013,M003,33.46,electronics,Debit,D000617,30.0,1,72,3641.07,111,1676911,16,0,4236,0
576,TX000577,AC00345,M039,104.79,electronics,Debit,D000531,30.0,1,70,1352.19,223,1691424,16,0,18749,0
577,TX000578,AC00013,M058,246.27,digital_goods,Debit,D000102,30.0,1,29,7299.86,141,1703695,16,2,31020,0
578,TX000579,AC00296,M049,48.85,electronics,Debit,D000645,30.0,1,19,1503.56,176,1702053,16,4,29378,0
579,TX000580,AC00192,M038,332.0,electronics,Debit,D000101,30.0,1,69,5943.13,17,1682612,16,3,9937,0
580,TX000581,AC00378,M071,118.1,digital_goods,Debit,D000023,30.0,1,54,895.66,167,1698770,16,1,26095,0
581,TX000582,AC00205,M004,84.59,travel,Credit,D000560,30.0,1,67,5669.1,10,1681923,16,2,9248,0
582,TX000583,AC00475,M021,295.64,digital_goods,Debit,D000225,30.0,1,21,1061.96,82,1702575,17,3,29900,0
583,TX000584,AC00022,M017,514.33,travel,Debit,D000478,30.0,1,25,1592.94,160,1685723,16,4,13048,0
584,TX000585,AC00150,M007,992.17,electronics,Debit,D000205,30.0,1,43,6215.96,169,1677522,18,0,4847,0
585,TX000586,AC00362,M085,94.59,digital_goods,Debit,D000270,30.0,1,39,6171.89,34,1701450,17,4,28775,0
586,TX000587,AC00170,M014,80.43,travel,Debit,D000483,30.0,1,59,5987.67,157,1672848,16,2,173,0
587,TX000588,AC00429,M042,54.25,digital_goods,Debit,D000353,30.0,1,68,14783.33,37,1690822,16,0,18147,0
588,TX000589,AC00418,M026,178.88,travel,Credit,D000101,30.0,4,76,4708.29,93,1687195,17,0,14520,0
589,TX000590,AC00144,M038,518.85,digital_goods,Debit,D000100,30.0,1,22,1806.0,82,1698086,18,0,25411,0
590,TX000591,AC00449,M081,10.65,digital_goods,Debit,D000484,30.0,1,54,13240.72,161,1682353,16,0,9678,0
591,TX000592,AC00057,M079,198.62,travel,Credit,D000378,30.0,1,27,1196.07,84,1684167,16,0,11492,0
592,TX000593,AC00426,M038,107.03,travel,Debit,D000628,30.0,1,27,1408.07,73,1678127,18,0,5452,0
593,TX000594,AC00039,M030,139.57,electronics,Debit,D000222,30.0,3,19,271.78,263,1700243,17,4,27568,0
594,TX000595,AC00051,M033,312.47,electronics,Debit,D000658,30.0,4,49,9419.27,148,1683048,17,1,10373,0
595,TX000596,AC00471,M007,346.11,travel,Debit,D000362,30.0,1,41,9551.64,213,1672851,17,2,176,0
596,TX000597,AC00039,M099,138.06,travel,Debit,D000188,30.0,1,44,1070.47,159,1690305,17,1,17630,0
597,TX000598,AC00274,M026,158.02,electronics,Debit,D000032,30.0,1,49,9374.24,120,1695229,17,2,22554,0
598,TX000599,AC00095,M071,830.01,digital_goods,Credit,D000559,30.0,1,66,4253.18,96,1689957,16,4,17282,0
599,TX000600,AC00211,M008,435.5,electronics,Debit,D000461,30.0,1,55,6981.03,112,1684176,18,0,11501,0
600,TX000601,AC00184,M068,110.49,digital_goods,Debit,D000449,30.0,1,57,10483.93,48,1698772,17,1,26097,0
601,TX000602,AC00436,M017,329.4,digital_goods,Debit,D000692,30.0,1,34,9588.07,68,1703521,16,0,30846,0
602,TX000603,AC00107,M018,635.4,electronics,Debit,D000002,30.0,1,47,1238.11,106,1695142,16,1,22467,0
603,TX000604,AC00203,M058,769.97,travel,Debit,D000393,30.0,1,22,1244.93,23,1676573,18,3,3898,0
604,TX000605,AC00398,M091,175.07,travel,Debit,D000379,30.0,1,26,1040.25,169,1693849,17,0,21174,0
605,TX000606,AC00312,M028,7.31,travel,Debit,D000060,30.0,1,78,5757.67,282,1687795,16,0,15120,0
606,TX000607,AC00225,M090,175.15,electronics,Debit,D000367,30.0,1,27,1712.65,32,1699549,17,3,26874,0
607,TX000608,AC00150,M022,32.54,digital_goods,Debit,D000008,30.0,4,25,1544.88,183,1688487,16,1,15812,0
608,TX000609,AC00413,M032,121.82,digital_goods,Debit,D000542,30.0,1,60,13293.83,119,1694197,18,4,21522,0
609,TX000610,AC00479,M049,56.12,electronics,Debit,D000431,30.0,1,30,8839.67,102,1694630,18,2,21955,0
610,TX000611,AC00078,M032,424.7,digital_goods,Credit,D000066,30.0,1,56,6239.89,178,1675100,17,0,2425,0
611,TX000612,AC00242,M029,35.16,travel,Debit,D000075,30.0,1,32,8459.18,130,1698256,17,2,25581,0
612,TX000613,AC00149,M028,35.73,travel,Debit,D000693,30.0,1,65,9073.17,87,1686588,16,0,13913,0
613,TX000614,AC00084,M004,3.44,electronics,Debit,D000389,30.0,1,78,7561.33,108,1674149,17,3,1474,0
614,TX000615,AC00466,M032,1342.25,travel,Credit,D000643,30.0,1,21,694.03,235,1682705,18,4,10030,0
615,TX000616,AC00359,M076,139.03,digital_goods,Credit,D000359,30.0,1,50,2276.57,81,1693418,18,2,20743,0
616,TX000617,AC00023,M064,254.92,electronics,Credit,D000088,30.0,1,28,2791.12,169,1695053,16,0,22378,0
617,TX000618,AC00366,M011,115.11,digital_goods,Debit,D000632,30.0,1,28,9808.97,139,1683308,17,4,10633,0
618,TX000619,AC00170,M084,171.11,electronics,Debit,D000172,30.0,1,57,6324.09,171,1684169,16,0,11494,0
619,TX000620,AC00130,M064,168.54,electronics,Debit,D000467,30.0,2,70,13406.0,142,1675354,16,3,2679,0
620,TX000621,AC00183,M054,420.76,travel,Debit,D000329,30.0,1,51,6581.55,76,1677168,16,3,4493,0
621,TX000622,AC00219,M058,408.46,travel,Debit,D000669,30.0,1,64,3140.79,28,1677687,16,2,5012,0
622,TX000623,AC00354,M009,1162.42,digital_goods,Credit,D000153,30.0,1,30,10357.26,45,1692808,16,2,20133,0
623,TX000624,AC00290,M033,342.17,travel,Credit,D000532,30.0,1,21,461.83,247,1702570,16,3,29895,0
624,TX000625,AC00425,M046,580.71,electronics,Debit,D000203,30.0,1,53,5670.0,95,1695227,16,2,22552,0
625,TX000626,AC00370,M044,821.54,travel,Credit,D000142,30.0,1,79,4040.32,36,1692727,18,1,20052,0
626,TX000627,AC00454,M077,253.47,travel,Debit,D000388,30.0,1,20,220.51,238,1686762,17,2,14087,0
627,TX000628,AC00403,M083,22.81,digital_goods,Debit,D000065,30.0,1,62,3634.76,75,1685382,17,0,12707,0
628,TX000629,AC00358,M026,266.57,digital_goods,Credit,D000058,30.0,1,39,7180.48,96,1688407,17,0,15732,0
629,TX000630,AC00296,M079,374.61,digital_goods,Credit,D000056,30.0,1,75,1389.71,37,1693333,18,1,20658,0
630,TX000631,AC00393,M084,339.35,electronics,Credit,D000099,30.0,1,78,5002.7,70,1675440,16,4,2765,0
631,TX000632,AC00223,M081,810.36,electronics,Debit,D000393,30.0,1,20,9239.12,67,1673974,16,1,1299,0
632,TX000633,AC00487,M004,9.83,electronics,Debit,D000054,30.0,1,24,666.42,86,1690218,17,0,17543,0
633,TX000634,AC00215,M073,135.57,travel,Credit,D000225,30.0,1,51,11351.64,116,1686763,17,2,14088,0
634,TX000635,AC00275,M038,340.05,electronics,Debit,D000196,30.0,1,43,7234.15,37,1698427,17,4,25752,0
635,TX000636,AC00482,M039,283.45,travel,Debit,D000399,30.0,1,27,2049.51,127,1697563,17,1,24888,0
636,TX000637,AC00357,M078,100.99,electronics,Debit,D000466,30.0,1,68,8865.27,114,1685377,16,0,12702,0
637,TX000638,AC00026,M071,90.88,travel,Debit,D000449,30.0,1,18,3908.47,176,1676911,16,0,4236,0
638,TX000639,AC00416,M083,655.15,electronics,Debit,D000626,30.0,1,26,5587.44,264,1672676,16,0,1,0
639,TX000640,AC00058,M041,320.55,digital_goods,Debit,D000549,30.0,1,50,438.75,118,1682961,17,0,10286,0
640,TX000641,AC00170,M084,41.51,digital_goods,Debit,D000688,30.0,1,28,609.6,48,1696438,16,2,23763,0
641,TX000642,AC00262,M030,71.53,travel,Credit,D000420,30.0,1,68,2393.73,39,1698684,16,0,26009,0
642,TX000643,AC00032,M096,467.13,travel,Credit,D000025,30.0,1,54,3914.84,45,1695921,17,3,23246,0
643,TX000644,AC00131,M038,235.4,travel,Debit,D000141,30.0,1,28,818.36,70,1695747,17,1,23072,0
644,TX000645,AC00176,M033,159.32,travel,Debit,D000446,30.0,1,18,304.44,100,1673895,18,0,1220,0
645,TX000646,AC00139,M076,50.83,digital_goods,Credit,D000421,30.0,1,30,9553.42,48,1702915,16,0,30240,0
646,TX000647,AC00056,M062,56.89,travel,Credit,D000120,30.0,1,59,3034.67,56,1675447,18,4,2772,0
647,TX000648,AC00276,M003,20.22,electronics,Debit,D000123,30.0,1,43,5515.32,138,1678472,18,4,5797,0
648,TX000649,AC00447,M079,50.4,travel,Debit,D000565,30.0,1,36,1677.01,84,1679936,17,0,7261,0
649,TX000650,AC00143,M009,73.88,travel,Debit,D000405,30.0,1,53,4055.55,131,1683567,17,0,10892,0
650,TX000651,AC00139,M017,119.61,electronics,Debit,D000102,30.0,1,33,9899.94,53,1678810,16,1,6135,0
651,TX000652,AC00208,M089,1241.05,travel,Debit,D000105,30.0,1,18,756.74,129,1700584,16,1,27909,0
652,TX000653,AC00426,M038,116.58,travel,Debit,D000646,30.0,1,43,2620.74,247,1693499,16,3,20824,0
653,TX000654,AC00423,M033,1919.11,electronics,Debit,D000191,30.0,1,30,11090.24,161,1687888,17,1,15213,0
654,TX000655,AC00381,M032,391.96,electronics,Debit,D000452,30.0,1,64,2174.16,79,1687191,16,0,14516,0
655,TX000656,AC00458,M059,156.26,travel,Credit,D000134,30.0,1,46,7854.1,160,1672681,17,0,6,0
656,TX000657,AC00014,M065,427.0,travel,Credit,D000629,30.0,1,49,8253.65,163,1690823,17,0,18148,0
657,TX000658,AC00071,M012,443.68,electronics,Debit,D000400,30.0,1,18,874.15,137,1682449,18,1,9774,0
658,TX000659,AC00054,M071,101.76,travel,Debit,D000374,30.0,1,31,6043.25,26,1676914,17,0,4239,0
659,TX000660,AC00182,M093,67.57,travel,Debit,D000498,30.0,1,37,2766.12,107,1692290,16,3,19615,0
660,TX000661,AC00257,M025,326.29,digital_goods,Debit,D000184,30.0,1,56,8171.26,179,1701882,17,2,29207,0
661,TX000662,AC00006,M087,158.56,electronics,Debit,D000027,30.0,1,33,5401.21,100,1677605,17,1,4930,0
662,TX000663,AC00424,M003,56.02,digital_goods,Debit,D000455,30.0,1,27,3548.02,142,1687197,17,0,14522,0
663,TX000664,AC00131,M087,288.28,digital_goods,Debit,D000127,30.0,1,27,160.83,36,1673975,17,1,1300,0
664,TX000665,AC00133,M088,245.67,travel,Credit,D000097,30.0,1,24,752.25,107,1672684,18,0,9,0
665,TX000666,AC00393,M093,152.18,digital_goods,Credit,D000637,30.0,4,39,2459.84,176,1691427,16,0,18752,0
666,TX000667,AC00361,M025,114.35,travel,Credit,D000264,30.0,1,41,469.12,21,1701101,16,0,28426,0
667,TX000668,AC00092,M053,373.27,digital_goods,Credit,D000090,30.0,1,61,8441.61,79,1689703,18,1,17028,0
668,TX000669,AC00049,M068,504.63,digital_goods,Debit,D000129,30.0,1,60,3806.16,168,1699895,17,0,27220,0
669,TX000670,AC00023,M081,126.22,electronics,Debit,D000094,30.0,4,46,6133.41,77,1683217,16,3,10542,0
670,TX000671,AC00323,M093,820.15,travel,Debit,D000281,30.0,1,47,8802.97,181,1702917,16,0,30242,0
671,TX000672,AC00372,M039,986.81,digital_goods,Credit,D000093,30.0,1,68,14881.77,127,1680281,16,4,7606,0
672,TX000673,AC00497,M011,8.37,electronics,Debit,D000425,30.0,1,63,1106.34,135,1673540,16,3,865,0
673,TX000674,AC00130,M007,197.49,digital_goods,Credit,D000649,30.0,1,53,5005.33,30,1688402,16,0,15727,0
674,TX000675,AC00034,M066,637.97,travel,Debit,D000646,30.0,1,58,7949.03,90,1698081,17,0,25406,0
675,TX000676,AC00286,M001,13.52,electronics,Debit,D000584,30.0,1,26,259.77,65,1684169,16,0,11494,0
676,TX000677,AC00232,M048,432.1,electronics,Debit,D000264,30.0,1,49,2114.3,240,1679329,16,0,6654,0
677,TX000678,AC00182,M053,375.17,electronics,Debit,D000226,30.0,2,51,5495.3,66,1686244,17,3,13569,0
678,TX000679,AC00136,M034,642.68,travel,Debit,D000269,30.0,1,50,8461.46,94,1676653,16,4,3978,0
679,TX000680,AC00101,M033,78.44,digital_goods,Credit,D000476,30.0,1,52,6870.84,292,1700587,17,1,27912,0
680,TX000681,AC00328,M033,139.72,travel,Debit,D000516,30.0,1,49,5058.83,201,1673891,17,0,1216,0
681,TX000682,AC00356,M046,499.99,travel,Debit,D000100,30.0,1,31,8885.0,296,1690992,16,2,18317,0
682,TX000683,AC00312,M029,10.07,digital_goods,Debit,D000494,30.0,1,24,530.81,49,1673974,16,1,1299,0
683,TX000684,AC00242,M087,120.62,electronics,Debit,D000024,30.0,1,23,9379.53,85,1677515,16,0,4840,0
684,TX000685,AC00123,M032,578.49,travel,Debit,D000463,30.0,1,59,6475.13,180,1697478,17,0,24803,0
685,TX000686,AC00071,M058,119.3,travel,Debit,D000597,30.0,5,34,319.04,22,1693238,16,0,20563,1
686,TX000687,AC00370,M048,280.92,digital_goods,Debit,D000320,30.0,1,41,5298.85,168,1704133,18,0,31458,0
687,TX000688,AC00330,M042,42.42,digital_goods,Debit,D000068,30.0,1,21,490.57,102,1685639,17,3,12964,0
688,TX000689,AC00218,M030,77.03,electronics,Debit,D000681,30.0,1,67,11310.27,259,1687193,16,0,14518,0
689,TX000690,AC00437,M060,22.59,electronics,Debit,D000048,30.0,1,62,3988.75,45,1679933,16,0,7258,0
690,TX000691,AC00287,M097,568.76,electronics,Debit,D000221,30.0,1,51,7484.32,155,1696870,16,0,24195,0
691,TX000692,AC00418,M003,25.94,digital_goods,Credit,D000232,30.0,5,58,4815.11,211,1697482,18,0,24807,0
692,TX000693,AC00465,M074,105.94,travel,Debit,D000532,30.0,1,51,5963.1,207,1691424,16,0,18749,0
693,TX000694,AC00011,M032,733.29,electronics,Debit,D000618,30.0,5,52,10427.0,94,1678905,18,2,6230,0
694,TX000695,AC00432,M052,350.15,electronics,Credit,D000234,30.0,1,21,296.47,195,1701101,16,0,28426,0
695,TX000696,AC00240,M055,1151.18,electronics,Debit,D000208,30.0,1,65,1100.06,105,1692984,17,4,20309,0
696,TX000697,AC00497,M085,183.67,digital_goods,Debit,D000187,30.0,1,19,910.26,238,1687795,16,0,15120,0
697,TX000698,AC00026,M027,278.27,travel,Debit,D000141,30.0,1,29,6684.34,123,1681145,16,0,8470,0
698,TX000699,AC00277,M091,470.3,electronics,Debit,D000695,30.0,1,40,8524.09,88,1694544,18,1,21869,0
699,TX000700,AC00116,M042,261.69,electronics,Debit,D000117,30.0,1,53,5126.65,84,1701106,17,0,28431,0
700,TX000701,AC00367,M003,365.04,travel,Debit,D000232,30.0,1,22,873.89,94,1678120,16,0,5445,0
701,TX000702,AC00030,M070,211.1,travel,Debit,D000653,30.0,1,57,7059.77,136,1694710,16,3,22035,0
702,TX000703,AC00111,M050,21.49,electronics,Debit,D000108,30.0,1,58,11991.24,240,1683219,16,3,10544,0
703,TX000704,AC00220,M093,63.58,electronics,Debit,D000081,30.0,1,18,8086.04,199,1694454,17,0,21779,0
704,TX000705,AC00295,M005,321.86,electronics,Debit,D000554,30.0,1,63,12626.49,167,1690215,16,0,17540,0
705,TX000706,AC00137,M038,12.11,travel,Debit,D000577,30.0,1,75,1730.28,127,1702397,16,1,29722,0
706,TX000707,AC00004,M025,642.54,travel,Debit,D000663,30.0,1,44,3143.17,28,1683744,18,2,11069,0
707,TX000708,AC00442,M011,210.45,electronics,Debit,D000547,30.0,1,27,1242.49,146,1702313,16,0,29638,0
708,TX000709,AC00201,M017,313.65,travel,Credit,D000288,30.0,1,55,1886.36,173,1675094,16,0,2419,0
709,TX000710,AC00462,M039,99.76,travel,Debit,D000501,30.0,1,26,416.89,131,1691425,16,0,18750,0
710,TX000711,AC00390,M075,115.32,travel,Debit,D000663,30.0,1,53,5929.08,113,1690305,17,1,17630,0
711,TX000712,AC00297,M014,33.61,digital_goods,Debit,D000116,30.0,1,23,479.08,72,1692638,17,0,19963,0
712,TX000713,AC00173,M032,498.59,digital_goods,Credit,D000604,30.0,1,33,5862.99,32,1675095,16,0,2420,0
713,TX000714,AC00382,M047,98.81,travel,Debit,D000430,30.0,1,27,797.1,91,1693846,16,0,21171,0
714,TX000715,AC00175,M014,1.87,electronics,Debit,D000165,30.0,1,65,7287.94,147,1697826,18,4,25151,0
715,TX000716,AC00035,M075,78.92,digital_goods,Credit,D000118,30.0,1,59,5624.86,95,1686855,18,3,14180,0
716,TX000717,AC00219,M059,194.29,travel,Credit,D000307,30.0,1,39,2988.41,10,1674489,16,0,1814,0
717,TX000718,AC00416,M016,28.73,electronics,Debit,D000384,30.0,1,53,2712.96,185,1698768,16,1,26093,0
718,TX000719,AC00467,M026,105.53,digital_goods,Debit,D000003,30.0,1,24,1433.66,88,1686933,16,4,14258,0
719,TX000720,AC00465,M006,737.34,digital_goods,Debit,D000041,30.0,1,30,7336.56,34,1679334,17,0,6659,0
720,TX000721,AC00102,M044,237.86,electronics,Debit,D000274,30.0,1,18,475.63,210,1675705,17,0,3030,0
721,TX000722,AC00119,M024,409.61,travel,Debit,D000618,30.0,1,65,11698.15,89,1690387,16,2,17712,0
722,TX000723,AC00418,M009,75.53,digital_goods,Credit,D000597,30.0,1,21,1034.35,157,1692639,17,0,19964,0
723,TX000724,AC00237,M067,72.75,electronics,Debit,D000413,30.0,1,64,12042.79,15,1682958,16,0,10283,0
724,TX000725,AC00279,M052,39.11,digital_goods,Debit,D000241,30.0,1,26,518.54,143,1693591,18,4,20916,0
725,TX000726,AC00067,M004,1309.79,electronics,Debit,D000251,30.0,1,23,1258.93,139,1678120,16,0,5445,0
726,TX000727,AC00043,M093,729.38,electronics,Debit,D000443,30.0,1,68,9127.65,90,1699982,17,1,27307,0
727,TX000728,AC00012,M040,137.49,electronics,Debit,D000159,30.0,1,34,4471.05,50,1690390,16,2,17715,0
728,TX000729,AC00244,M060,504.71,digital_goods,Debit,D000009,30.0,1,29,6214.54,61,1681151,18,0,8476,0
729,TX000730,AC00395,M097,371.47,travel,Credit,D000661,30.0,1,24,1187.04,58,1685463,16,1,12788,0
730,TX000731,AC00253,M007,430.35,digital_goods,Debit,D000096,30.0,1,36,354.9,205,1676913,17,0,4238,0
731,TX000732,AC00394,M015,230.32,travel,Debit,D000272,30.0,1,35,791.46,56,1684174,18,0,11499,0
732,TX000733,AC00457,M015,121.71,electronics,Debit,D000674,30.0,1,52,5878.89,140,1693933,17,1,21258,0
733,TX000734,AC00046,M060,98.87,digital_goods,Debit,D000058,30.0,1,20,533.2,179,1672768,17,1,93,0
734,TX000735,AC00011,M046,117.55,electronics,Debit,D000088,30.0,1,24,897.94,35,1684514,16,4,11839,0
735,TX000736,AC00045,M072,244.64,travel,Debit,D000172,30.0,1,30,9159.56,103,1677004,18,1,4329,0
736,TX000737,AC00181,M092,321.93,electronics,Debit,D000083,30.0,1,45,4392.73,12,1701714,18,0,29039,0
737,TX000738,AC00149,M064,1092.73,travel,Debit,D000688,30.0,1,58,1390.98,11,1674494,17,0,1819,0
738,TX000739,AC00288,M061,283.23,digital_goods,Debit,D000695,30.0,1,40,2008.77,98,1675702,16,0,3027,0
739,TX000740,AC00014,M062,346.65,digital_goods,Debit,D000077,30.0,1,30,6356.96,60,1704125,16,0,31450,0
740,TX000741,AC00153,M097,381.62,digital_goods,Debit,D000670,30.0,1,64,6009.12,164,1674837,16,4,2162,0
741,TX000742,AC00164,M065,388.65,electronics,Debit,D000284,30.0,1,76,7896.85,43,1676995,16,1,4320,0
742,TX000743,AC00159,M068,29.22,electronics,Debit,D000432,30.0,1,24,1649.43,151,1688667,18,3,15992,0
743,TX000744,AC00360,M078,46.75,travel,Debit,D000469,30.0,1,67,2840.43,150,1690825,17,0,18150,0
744,TX000745,AC00326,M098,348.64,digital_goods,Debit,D000221,30.0,1,57,3274.96,128,1686330,17,4,13655,0
745,TX000746,AC00110,M088,319.17,digital_goods,Debit,D000444,30.0,1,73,6501.56,81,1673456,16,2,781,0
746,TX000747,AC00110,M012,73.95,electronics,Debit,D000337,30.0,1,26,363.92,76,1699029,16,4,26354,0
747,TX000748,AC00257,M100,389.63,digital_goods,Debit,D000645,30.0,1,27,9748.48,99,1676564,16,3,3889,0
748,TX000749,AC00145,M025,217.61,electronics,Debit,D000172,30.0,1,19,1404.53,45,1678988,17,3,6313,0
749,TX000750,AC00455,M082,199.84,electronics,Debit,D000330,30.0,1,21,706.44,150,1673884,16,0,1209,0
750,TX000751,AC00282,M033,56.35,electronics,Debit,D000266,30.0,1,44,5095.73,75,1675958,16,3,3283,0
751,TX000752,AC00045,M068,248.95,travel,Credit,D000454,30.0,1,65,3059.79,29,1686932,16,4,14257,0
752,TX000753,AC00390,M048,142.58,electronics,Debit,D000647,30.0,1,33,7844.23,145,1687191,16,0,14516,0
753,TX000754,AC00032,M087,1020.73,electronics,Debit,D000676,30.0,1,28,1119.61,87,1690216,16,0,17541,0
754,TX000755,AC00153,M039,84.34,digital_goods,Debit,D000493,30.0,3,58,5313.97,248,1686241,16,3,13566,0
755,TX000756,AC00460,M031,1607.55,electronics,Debit,D000070,30.0,1,31,6227.99,156,1694104,16,3,21429,0
756,TX000757,AC00154,M057,333.78,electronics,Debit,D000444,30.0,1,60,6810.94,98,1701366,17,3,28691,0
757,TX000758,AC00190,M060,332.59,digital_goods,Debit,D000163,30.0,1,55,1457.07,143,1689270,17,3,16595,0
758,TX000759,AC00156,M013,236.81,travel,Debit,D000274,30.0,1,22,813.68,15,1698339,16,3,25664,0
759,TX000760,AC00005,M066,417.8,travel,Credit,D000630,30.0,1,27,1518.82,130,1687796,16,0,15121,0
760,TX000761,AC00126,M052,319.27,electronics,Debit,D000172,30.0,1,50,10269.78,150,1691427,16,0,18752,0
761,TX000762,AC00201,M004,384.1,travel,Debit,D000497,30.0,1,42,672.79,172,1684953,18,2,12278,0
762,TX000763,AC00165,M084,820.62,travel,Credit,D000622,30.0,1,61,6024.8,158,1677863,17,4,5188,0
763,TX000764,AC00420,M073,474.77,digital_goods,Credit,D000046,30.0,1,56,2158.59,50,1703521,16,0,30846,0
764,TX000765,AC00329,M100,542.72,travel,Credit,D000573,30.0,1,43,6011.8,92,1693852,18,0,21177,0
765,TX000766,AC00037,M070,79.8,electronics,Debit,D000477,30.0,1,73,6372.58,76,1703265,17,4,30590,0
766,TX000767,AC00293,M043,46.24,travel,Debit,D000590,30.0,1,57,2569.56,52,1678723,16,0,6048,0
767,TX000768,AC00481,M054,327.8,electronics,Debit,D000517,30.0,1,61,10585.48,54,1700761,17,3,28086,0
768,TX000769,AC00233,M052,445.79,electronics,Debit,D000308,30.0,1,52,717.99,161,1688750,17,4,16075,0
769,TX000770,AC00235,M026,55.89,digital_goods,Debit,D000461,30.0,1,72,3689.65,150,1692291,16,3,19616,0
770,TX000771,AC00324,M013,158.41,travel,Debit,D000122,30.0,1,28,1512.16,16,1675960,16,3,3285,0
771,TX000772,AC00029,M033,101.19,digital_goods,Credit,D000524,30.0,1,64,14389.45,75,1701283,18,2,28608,0
772,TX000773,AC00093,M018,827.14,travel,Debit,D000645,30.0,4,36,9800.21,265,1673976,17,1,1301,0
773,TX000774,AC00141,M056,61.97,electronics,Debit,D000487,30.0,1,74,7014.69,95,1684781,18,0,12106,0
774,TX000775,AC00061,M050,27.21,electronics,Debit,D000700,30.0,1,79,3520.61,102,1686760,16,2,14085,0
775,TX000776,AC00092,M074,173.74,digital_goods,Debit,D000127,30.0,1,80,4913.42,64,1694195,17,4,21520,0
776,TX000777,AC00354,M091,176.11,travel,Debit,D000566,30.0,1,38,9155.35,105,1691686,16,3,19011,0
777,TX000778,AC00358,M065,88.4,digital_goods,Debit,D000112,30.0,1,46,2567.53,174,1699639,18,4,26964,0
778,TX000779,AC00078,M042,567.92,digital_goods,Debit,D000358,30.0,1,53,3779.47,14,1687278,16,1,14603,0
779,TX000780,AC00013,M001,138.11,digital_goods,Credit,D000227,30.0,1,68,4177.65,104,1702315,17,0,29640,0
780,TX000781,AC00030,M006,456.93,travel,Credit,D000587,30.0,1,28,7284.76,193,1695745,16,1,23070,0
781,TX000782,AC00074,M036,101.42,digital_goods,Debit,D000195,30.0,1,66,6530.59,146,1682442,17,1,9767,0
782,TX000783,AC00399,M006,300.61,digital_goods,Debit,D000086,30.0,1,44,7895.54,51,1682961,17,0,10286,0
783,TX000784,AC00323,M085,265.94,digital_goods,Debit,D000581,30.0,1,54,6781.3,132,1685981,16,0,13306,0
784,TX000785,AC00107,M050,345.54,digital_goods,Debit,D000054,30.0,1,29,2091.78,50,1674576,16,1,1901,0
785,TX000786,AC00211,M023,411.52,electronics,Debit,D000494,30.0,1,41,11108.39,88,1673372,17,1,697,0
786,TX000787,AC00297,M076,111.21,travel,Debit,D000401,30.0,1,35,9088.36,111,1692643,18,0,19968,0
787,TX000788,AC00102,M088,316.37,electronics,Debit,D000599,30.0,1,53,4671.69,86,1693244,17,0,20569,0
788,TX000789,AC00196,M005,260.63,travel,Debit,D000564,30.0,1,37,7534.73,142,1703098,18,2,30423,0
789,TX000790,AC00342,M092,92.36,electronics,Debit,D000598,30.0,1,29,6353.14,144,1679935,16,0,7260,0
790,TX000791,AC00027,M029,262.06,travel,Debit,D000408,30.0,1,63,13587.52,118,1694448,16,0,21773,0
791,TX000792,AC00339,M062,64.5,electronics,Debit,D000076,30.0,1,74,1351.24,230,1692297,18,3,19622,0
792,TX000793,AC00468,M007,253.55,electronics,Debit,D000112,30.0,5,28,2797.26,85,1673456,16,2,781,0
793,TX000794,AC00262,M028,408.28,travel,Credit,D000638,30.0,3,21,1222.77,125,1678897,16,2,6222,0
794,TX000795,AC00425,M044,175.94,electronics,Debit,D000438,30.0,1,57,3728.04,89,1685981,16,0,13306,0
795,TX000796,AC00161,M041,199.47,digital_goods,Debit,D000585,30.0,1,57,6067.44,142,1692030,16,0,19355,0
796,TX000797,AC00417,M017,51.07,travel,Debit,D000114,30.0,1,63,4292.16,133,1674497,18,0,1822,0
797,TX000798,AC00208,M075,435.86,electronics,Debit,D000471,30.0,1,56,3801.82,134,1703870,17,4,31195,0
798,TX000799,AC00304,M009,74.73,travel,Credit,D000566,30.0,1,64,6353.22,162,1675099,17,0,2424,0
799,TX000800,AC00166,M013,182.79,digital_goods,Credit,D000499,30.0,1,23,1251.85,14,1698250,16,2,25575,0
800,TX000801,AC00279,M005,628.36,digital_goods,Debit,D000415,30.0,1,44,11869.71,108,1674230,16,4,1555,0
801,TX000802,AC00114,M021,268.39,digital_goods,Debit,D000224,30.0,1,29,9409.43,177,1677003,18,1,4328,0
802,TX000803,AC00411,M051,362.27,electronics,Debit,D000073,30.0,1,80,6003.59,47,1683822,16,3,11147,0
803,TX000804,AC00380,M059,560.15,digital_goods,Credit,D000493,30.0,1,50,817.83,92,1692036,18,0,19361,0
804,TX000805,AC00272,M001,351.99,electronics,Debit,D000513,30.0,2,80,3663.64,45,1686589,16,0,13914,0
805,TX000806,AC00202,M094,132.36,travel,Debit,D000203,30.0,1,28,319.65,160,1678726,17,0,6051,0
806,TX000807,AC00053,M002,24.77,digital_goods,Credit,D000449,30.0,1,40,478.23,17,1698857,16,2,26182,0
807,TX000808,AC00316,M019,668.67,digital_goods,Debit,D000682,30.0,4,44,13446.81,143,1699378,17,1,26703,0
808,TX000809,AC00422,M016,80.24,travel,Credit,D000604,30.0,1,53,8012.81,58,1684517,17,4,11842,0
809,TX000810,AC00083,M060,8.65,electronics,Debit,D000105,30.0,1,68,4201.22,198,1700497,16,0,27822,0
810,TX000811,AC00125,M035,178.91,electronics,Debit,D000041,30.0,1,18,8870.89,19,1678898,16,2,6223,0
811,TX000812,AC00227,M063,115.22,travel,Debit,D000185,30.0,1,27,906.2,108,1702055,17,4,29380,0
812,TX000813,AC00292,M077,161.63,digital_goods,Debit,D000626,30.0,1,46,9286.37,276,1703521,16,0,30846,0
813,TX000814,AC00319,M045,542.75,travel,Credit,D000641,30.0,1,70,2224.08,63,1701973,18,3,29298,0
814,TX000815,AC00431,M083,317.47,digital_goods,Credit,D000060,30.0,1,67,14639.28,16,1682962,17,0,10287,0
815,TX000816,AC00365,M096,280.99,travel,Debit,D000374,30.0,1,45,9733.59,29,1676916,18,0,4241,0
816,TX000817,AC00050,M061,24.19,electronics,Debit,D000099,30.0,1,29,2756.2,28,1675877,17,2,3202,0
817,TX000818,AC00129,M014,586.85,electronics,Debit,D000515,30.0,1,36,6655.15,86,1692118,16,1,19443,0
818,TX000819,AC00366,M088,372.41,electronics,Debit,D000362,30.0,1,55,3233.87,143,1687198,18,0,14523,0
819,TX000820,AC00452,M039,63.17,electronics,Debit,D000647,30.0,1,20,1676.57,148,1690309,18,1,17634,0
820,TX000821,AC00339,M064,383.69,digital_goods,Debit,D000133,30.0,1,54,8371.11,285,1698771,17,1,26096,0
821,TX000822,AC00389,M096,247.17,travel,Credit,D000081,30.0,1,65,2611.64,149,1684778,17,0,12103,0
822,TX000823,AC00188,M006,48.78,travel,Credit,D000071,30.0,1,18,552.06,136,1691772,16,4,19097,0
823,TX000824,AC00039,M019,4.15,travel,Credit,D000214,30.0,1,60,6017.36,119,1697733,16,3,25058,0
824,TX000825,AC00319,M037,60.99,travel,Debit,D000651,30.0,1,34,7281.46,58,1690910,17,1,18235,0
825,TX000826,AC00077,M038,408.19,travel,Debit,D000369,30.0,1,26,6847.47,241,1702658,16,4,29983,0
826,TX000827,AC00131,M002,524.6,travel,Debit,D000593,30.0,1,58,13017.7,76,1680889,17,4,8214,0
827,TX000828,AC00180,M070,108.96,electronics,Debit,D000240,30.0,1,26,7597.66,247,1696961,18,1,24286,0
828,TX000829,AC00249,M073,70.03,travel,Debit,D000005,30.0,1,63,7330.31,49,1702924,18,0,30249,0
829,TX000830,AC00454,M051,124.84,digital_goods,Debit,D000640,30.0,1,52,6711.78,79,1695404,17,4,22729,0
830,TX000831,AC00076,M043,324.04,electronics,Debit,D000642,30.0,1,54,2248.06,30,1688575,16,2,15900,0
831,TX000832,AC00386,M089,39.69,digital_goods,Debit,D000539,30.0,1,70,3524.68,163,1682356,17,0,9681,0
832,TX000833,AC00444,M019,157.7,travel,Credit,D000075,30.0,1,58,8332.58,46,1701451,17,4,28776,0
833,TX000834,AC00307,M051,81.27,digital_goods,Credit,D000228,30.0,1,22,1814.48,68,1699374,16,1,26699,0
834,TX000835,AC00397,M042,193.82,travel,Debit,D000531,30.0,1,37,3886.77,176,1682013,17,3,9338,0
835,TX000836,AC00078,M022,16.73,digital_goods,Debit,D000660,30.0,1,79,7591.13,165,1701366,17,3,28691,0
836,TX000837,AC00348,M031,474.05,electronics,Debit,D000643,30.0,1,57,1484.31,214,1691692,18,3,19017,0
837,TX000838,AC00169,M093,39.21,electronics,Debit,D000059,30.0,4,66,9385.57,245,1683735,16,2,11060,0
838,TX000839,AC00007,M028,637.75,travel,Debit,D000561,30.0,1,79,4202.92,152,1690214,16,0,17539,0
839,TX000840,AC00009,M001,153.59,travel,Credit,D000270,30.0,1,66,4813.12,174,1683222,17,3,10547,0
840,TX000841,AC00065,M086,186.6,travel,Debit,D000554,30.0,1,18,9716.68,139,1698249,16,2,25574,0
841,TX000842,AC00362,M018,644.08,digital_goods,Debit,D000377,30.0,1,24,1980.62,55,1683566,17,0,10891,0
842,TX000843,AC00444,M001,226.66,travel,Debit,D000644,30.0,1,41,10216.25,168,1703703,18,2,31028,0
843,TX000844,AC00106,M003,305.0,electronics,Debit,D000608,30.0,1,22,944.83,222,1697131,17,3,24456,0
844,TX000845,AC00241,M011,233.1,travel,Credit,D000472,30.0,1,42,7469.2,37,1673890,17,0,1215,0
845,TX000846,AC00092,M035,793.13,digital_goods,Debit,D000518,30.0,1,68,13389.16,76,1683736,16,2,11061,0
846,TX000847,AC00173,M017,224.19,electronics,Debit,D000266,30.0,1,52,8475.47,93,1695314,16,3,22639,0
847,TX000848,AC00363,M009,214.83,electronics,Credit,D000228,30.0,1,23,991.69,63,1679335,18,0,6660,0
848,TX000849,AC00185,M037,163.46,travel,Credit,D000150,30.0,1,63,6953.8,111,1694192,17,4,21517,0
849,TX000850,AC00370,M097,194.99,travel,Debit,D000442,30.0,1,34,1370.03,91,1701450,17,4,28775,0
850,TX000851,AC00124,M027,23.4,electronics,Debit,D000079,30.0,4,46,14851.28,175,1675880,18,2,3205,0
851,TX000852,AC00412,M055,227.5,digital_goods,Debit,D000227,30.0,1,34,11505.35,277,1678726,16,0,6051,0
852,TX000853,AC00068,M083,259.9,digital_goods,Debit,D000551,30.0,1,26,914.28,100,1687450,16,3,14775,0
853,TX000854,AC00321,M086,59.51,digital_goods,Credit,D000263,30.0,1,36,9955.88,55,1680624,16,1,7949,0
854,TX000855,AC00302,M045,50.63,digital_goods,Debit,D000314,30.0,1,64,4732.81,143,1684945,16,2,12270,0
855,TX000856,AC00217,M089,1074.95,travel,Debit,D000674,30.0,1,20,530.86,91,1685724,16,4,13049,0
856,TX000857,AC00298,M091,112.94,digital_goods,Credit,D000265,30.0,1,73,3807.84,31,1700847,17,4,28172,0
857,TX000858,AC00327,M072,11.81,electronics,Debit,D000295,30.0,1,21,320.25,131,1677514,16,0,4839,0
858,TX000859,AC00054,M018,329.14,travel,Debit,D000156,30.0,1,55,12033.92,14,1699979,16,1,27304,0
859,TX000860,AC00403,M049,154.24,electronics,Debit,D000129,30.0,1,61,6109.55,82,1699287,16,0,26612,0
860,TX000861,AC00397,M037,233.44,digital_goods,Debit,D000334,30.0,1,20,1691.88,297,1674231,16,4,1556,0
861,TX000862,AC00383,M088,141.8,electronics,Debit,D000046,30.0,1,18,1697.67,116,1700074,18,2,27399,0
862,TX000863,AC00450,M012,209.03,travel,Debit,D000371,30.0,1,55,8359.5,126,1696875,18,0,24200,0
863,TX000864,AC00086,M074,1137.63,electronics,Debit,D000494,30.0,1,26,1629.12,144,1676393,16,1,3718,0
864,TX000865,AC00156,M040,261.14,electronics,Debit,D000218,30.0,1,42,6100.08,162,1684176,18,0,11501,0
865,TX000866,AC00418,M087,101.81,electronics,Debit,D000209,30.0,1,45,13872.03,105,1688061,17,3,15386,0
866,TX000867,AC00263,M070,98.71,electronics,Debit,D000276,30.0,1,32,10095.23,117,1695058,17,0,22383,0
867,TX000868,AC00009,M054,87.38,travel,Debit,D000356,30.0,1,21,1504.99,252,1677867,18,4,5192,0
868,TX000869,AC00436,M042,83.39,travel,Debit,D000069,30.0,1,32,13182.11,158,1695052,16,0,22377,0
869,TX000870,AC00399,M084,267.55,digital_goods,Debit,D000138,30.0,1,46,4330.04,40,1686672,16,1,13997,0
870,TX000871,AC00182,M077,870.05,electronics,Debit,D000098,30.0,1,29,905.25,39,1693500,16,3,20825,0
871,TX000872,AC00482,M015,154.32,electronics,Credit,D000055,30.0,1,38,6972.5,269,1704128,16,0,31453,0
872,TX000873,AC00475,M056,164.51,travel,Debit,D000105,30.0,1,78,3553.69,110,1685988,18,0,13313,0
873,TX000874,AC00253,M028,758.12,electronics,Debit,D000413,30.0,1,69,6164.65,90,1688409,18,0,15734,0
874,TX000875,AC00376,M085,103.76,digital_goods,Debit,D000667,30.0,1,28,9626.14,188,1680106,16,2,7431,0
875,TX000876,AC00058,M024,583.92,digital_goods,Debit,D000429,30.0,1,55,6364.14,139,1690906,16,1,18231,0
876,TX000877,AC00304,M069,204.06,digital_goods,Debit,D000685,30.0,1,77,4351.83,159,1672675,16,0,0,0
877,TX000878,AC00035,M030,53.51,digital_goods,Debit,D000671,30.0,1,56,5773.5,165,1698339,16,3,25664,0
878,TX000879,AC00366,M046,1108.46,travel,Debit,D000353,30.0,1,30,9257.04,262,1693498,16,3,20823,0
879,TX000880,AC00362,M061,52.95,digital_goods,Credit,D000652,30.0,1,68,6335.58,14,1691431,18,0,18756,0
880,TX000881,AC00094,M023,120.17,electronics,Debit,D000052,30.0,1,49,5403.79,105,1691514,17,1,18839,0
881,TX000882,AC00225,M021,220.8,digital_goods,Debit,D000532,30.0,1,31,8135.31,28,1694025,18,2,21350,0
882,TX000883,AC00474,M069,119.01,electronics,Debit,D000418,30.0,1,45,9798.26,87,1678728,17,0,6053,0
883,TX000884,AC00448,M041,183.32,electronics,Debit,D000450,30.0,1,21,137.42,74,1683736,16,2,11061,0
884,TX000885,AC00439,M085,858.88,digital_goods,Debit,D000389,30.0,1,60,7015.46,227,1692721,16,1,20046,0
885,TX000886,AC00133,M092,11.46,digital_goods,Credit,D000315,30.0,1,41,2356.71,128,1676307,16,0,3632,0
886,TX000887,AC00480,M001,61.37,travel,Debit,D000074,30.0,1,75,4294.44,164,1675702,16,0,3027,0
887,TX000888,AC00265,M096,103.08,travel,Credit,D000304,30.0,1,49,9251.38,150,1677516,16,0,4841,0
888,TX000889,AC00176,M039,1.21,travel,Debit,D000369,30.0,1,55,7542.74,196,1692638,17,0,19963,0
889,TX000890,AC00278,M051,425.18,digital_goods,Credit,D000496,30.0,1,26,9880.71,172,1696435,16,2,23760,0
890,TX000891,AC00216,M065,60.96,electronics,Debit,D000090,30.0,1,52,6189.24,238,1698078,16,0,25403,0
891,TX000892,AC00431,M028,64.21,electronics,Debit,D000527,30.0,1,51,12540.18,37,1673282,16,0,607,0
892,TX000893,AC00063,M010,523.02,digital_goods,Debit,D000689,30.0,1,53,4586.11,83,1684521,18,4,11846,0
893,TX000894,AC00090,M055,50.26,travel,Debit,D000268,30.0,1,65,1519.38,164,1699552,17,3,26877,0
894,TX000895,AC00133,M059,110.08,travel,Debit,D000560,30.0,1,19,1447.26,95,1700500,17,0,27825,0
895,TX000896,AC00357,M100,54.47,travel,Credit,D000434,30.0,1,23,1131.42,34,1699897,17,0,27222,0
896,TX000897,AC00404,M043,79.76,digital_goods,Debit,D000110,30.0,1,68,10278.75,115,1680539,16,0,7864,0
897,TX000898,AC00390,M023,16.79,digital_goods,Credit,D000317,30.0,1,30,535.15,146,1699288,16,0,26613,0
898,TX000899,AC00083,M078,1531.31,digital_goods,Debit,D000319,30.0,4,18,859.86,62,1698084,18,0,25409,1
899,TX000900,AC00161,M091,68.62,travel,Debit,D000044,30.0,1,29,13891.47,157,1688057,16,3,15382,0
900,TX000901,AC00425,M068,157.16,travel,Debit,D000682,30.0,1,20,1545.77,280,1678728,17,0,6053,0
901,TX000902,AC00363,M044,643.38,digital_goods,Credit,D000251,30.0,1,18,1046.74,105,1699291,17,0,26616,0
902,TX000903,AC00385,M014,328.34,digital_goods,Credit,D000245,30.0,1,42,2840.45,31,1697127,16,3,24452,0
903,TX000904,AC00045,M072,72.68,digital_goods,Debit,D000697,30.0,1,69,6216.77,44,1689962,17,4,17287,0
904,TX000905,AC00480,M065,354.76,travel,Debit,D000135,30.0,1,51,10141.92,279,1684341,16,2,11666,0
905,TX000906,AC00369,M036,793.88,electronics,Credit,D000317,30.0,1,22,1404.06,252,1677082,16,2,4407,0
906,TX000907,AC00109,M056,29.22,electronics,Debit,D000660,30.0,1,27,7795.79,69,1677522,18,0,4847,0
907,TX000908,AC00264,M067,653.97,digital_goods,Debit,D000464,30.0,1,37,3886.65,100,1696441,17,2,23766,0
908,TX000909,AC00076,M080,366.43,digital_goods,Credit,D000069,30.0,1,21,1560.45,92,1675096,16,0,2421,0
909,TX000910,AC00438,M081,120.86,digital_goods,Debit,D000035,30.0,4,33,13566.58,162,1700157,17,3,27482,0
910,TX000911,AC00453,M056,233.74,digital_goods,Debit,D000373,30.0,1,72,4749.54,142,1676306,16,0,3631,0
911,TX000912,AC00222,M080,471.84,electronics,Debit,D000163,30.0,1,18,1044.33,138,1696008,17,4,23333,0
912,TX000913,AC00179,M087,213.4,travel,Credit,D000203,30.0,1,73,2012.24,100,1692031,16,0,19356,0
913,TX000914,AC00386,M030,254.21,electronics,Debit,D000487,30.0,1,48,2487.2,46,1684774,16,0,12099,0
914,TX000915,AC00171,M033,577.73,electronics,Debit,D000527,30.0,1,37,14977.99,63,1699633,16,4,26958,0
915,TX000916,AC00336,M053,170.26,electronics,Debit,D000445,30.0,1,27,1969.48,265,1695661,16,0,22986,0
916,TX000917,AC00272,M065,337.73,digital_goods,Debit,D000480,30.0,4,78,7001.2,107,1684861,17,1,12186,0
917,TX000918,AC00402,M099,330.61,travel,Credit,D000648,30.0,1,64,2525.25,113,1688659,16,3,15984,0
918,TX000919,AC00136,M004,132.33,electronics,Credit,D000437,30.0,1,35,7457.94,47,1699633,16,4,26958,0
919,TX000920,AC00280,M068,672.74,travel,Credit,D000033,30.0,1,46,5386.52,118,1691685,16,3,19010,0
920,TX000921,AC00352,M094,74.04,digital_goods,Debit,D000103,30.0,1,18,1690.23,66,1677176,18,3,4501,0
921,TX000922,AC00495,M011,197.18,digital_goods,Debit,D000042,30.0,1,28,3114.92,135,1683650,16,1,10975,0
922,TX000923,AC00061,M058,21.15,travel,Debit,D000484,30.0,1,70,3466.74,180,1700496,16,0,27821,0
923,TX000924,AC00129,M075,218.37,electronics,Debit,D000651,30.0,1,62,9942.24,105,1685982,16,0,13307,0
924,TX000925,AC00237,M044,590.01,digital_goods,Debit,D000248,30.0,3,29,9791.74,140,1675701,16,0,3026,0
925,TX000926,AC00230,M092,697.82,digital_goods,Debit,D000377,30.0,1,44,6824.0,153,1701101,16,0,28426,0
926,TX000927,AC00224,M043,302.76,electronics,Debit,D000640,30.0,3,38,8583.39,88,1700154,17,3,27479,0
927,TX000928,AC00354,M065,148.0,travel,Debit,D000530,30.0,1,20,1488.65,35,1674492,16,0,1817,0
928,TX000929,AC00479,M057,22.26,travel,Debit,D000028,30.0,1,19,5583.88,56,1675104,18,0,2429,0
929,TX000930,AC00329,M050,0.86,electronics,Debit,D000082,30.0,1,25,1357.22,139,1676310,17,0,3635,0
930,TX000931,AC00160,M071,757.1,travel,Debit,D000667,30.0,1,65,10553.23,203,1674494,17,0,1819,0
931,TX000932,AC00050,M001,38.81,digital_goods,Credit,D000285,30.0,1,25,1619.6,145,1682707,18,4,10032,0
932,TX000933,AC00200,M016,76.51,digital_goods,Credit,D000242,30.0,4,49,9475.4,120,1680537,16,0,7862,0
933,TX000934,AC00254,M092,32.46,digital_goods,Debit,D000536,30.0,1,31,8656.18,10,1678474,18,4,5799,0
934,TX000935,AC00456,M091,1022.75,travel,Credit,D000294,30.0,1,62,207.74,158,1674146,16,3,1471,0
935,TX000936,AC00320,M079,20.64,travel,Debit,D000063,30.0,1,22,949.38,59,1682006,16,3,9331,0
936,TX000937,AC00446,M100,662.11,travel,Debit,D000416,30.0,1,23,1996.38,219,1675356,16,3,2681,0
937,TX000938,AC00292,M025,288.77,electronics,Debit,D000422,30.0,1,55,8836.51,110,1699893,16,0,27218,0
938,TX000939,AC00111,M047,35.05,travel,Debit,D000589,30.0,1,30,14330.47,105,1695840,18,2,23165,0
939,TX000940,AC00157,M061,214.73,electronics,Credit,D000104,30.0,1,46,5368.42,26,1699640,18,4,26965,0
940,TX000941,AC00429,M024,25.38,travel,Debit,D000222,30.0,1,57,8616.05,66,1698076,16,0,25401,0
941,TX000942,AC00182,M036,617.66,electronics,Debit,D000116,30.0,1,41,5906.58,40,1675096,16,0,2421,0
942,TX000943,AC00166,M019,446.39,electronics,Debit,D000102,30.0,1,63,7863.6,77,1702402,17,1,29727,0
943,TX000944,AC00005,M029,377.92,travel,Debit,D000360,30.0,1,33,2254.71,204,1677086,17,2,4411,0
944,TX000945,AC00459,M036,11.04,digital_goods,Debit,D000638,30.0,1,30,6983.04,43,1676312,18,0,3637,0
945,TX000946,AC00432,M032,275.46,electronics,Debit,D000027,30.0,1,36,9697.75,67,1690218,17,0,17543,0
946,TX000947,AC00317,M039,179.76,digital_goods,Debit,D000038,30.0,1,78,5909.52,81,1689178,16,2,16503,0
947,TX000948,AC00377,M080,32.34,travel,Debit,D000622,30.0,1,44,7847.62,45,1687366,16,2,14691,0
948,TX000949,AC00130,M053,273.92,travel,Debit,D000646,30.0,1,79,4543.56,109,1688493,17,1,15818,0
949,TX000950,AC00236,M015,375.45,travel,Debit,D000310,30.0,1,19,1307.23,32,1701799,17,1,29124,0
950,TX000951,AC00243,M005,388.98,electronics,Debit,D000548,30.0,1,23,1819.91,155,1692637,17,0,19962,0
951,TX000952,AC00017,M081,492.84,electronics,Debit,D000514,30.0,1,25,577.67,38,1677692,17,2,5017,0
952,TX000953,AC00295,M021,148.85,electronics,Debit,D000441,30.0,1,57,7802.36,25,1701276,16,2,28601,0
953,TX000954,AC00187,M092,119.95,travel,Credit,D000292,30.0,5,62,2596.61,47,1681149,17,0,8474,0
954,TX000955,AC00395,M062,391.66,travel,Debit,D000271,30.0,1,50,2406.31,103,1689010,17,0,16335,0
955,TX000956,AC00225,M026,185.99,travel,Credit,D000674,30.0,1,41,402.45,53,1682354,16,0,9679,0
956,TX000957,AC00355,M066,322.48,electronics,Debit,D000649,30.0,1,27,1238.43,57,1678723,16,0,6048,0
957,TX000958,AC00217,M065,20.27,travel,Debit,D000649,30.0,1,18,796.35,22,1701707,16,0,29032,0
958,TX000959,AC00282,M085,280.61,electronics,Debit,D000485,30.0,3,47,7888.76,129,1701103,16,0,28428,0
959,TX000960,AC00477,M005,199.02,electronics,Debit,D000359,30.0,1,61,4658.89,269,1685377,16,0,12702,0
960,TX000961,AC00158,M081,104.23,digital_goods,Credit,D000621,30.0,1,63,5009.29,108,1697560,16,1,24885,0
961,TX000962,AC00174,M046,353.59,travel,Credit,D000311,30.0,5,52,1822.34,109,1691776,17,4,19101,0
962,TX000963,AC00124,M007,55.86,digital_goods,Debit,D000211,30.0,1,39,5346.46,68,1674494,17,0,1819,0
963,TX000964,AC00247,M096,10.77,electronics,Debit,D000253,30.0,1,31,10704.95,178,1678294,16,2,5619,0
964,TX000965,AC00297,M060,95.55,travel,Debit,D000595,30.0,1,33,2434.74,51,1681143,16,0,8468,0
965,TX000966,AC00114,M096,477.07,digital_goods,Debit,D000503,30.0,1,27,6568.07,278,1701102,16,0,28427,0
966,TX000967,AC00170,M047,9.1,digital_goods,Credit,D000158,30.0,1,52,2791.45,63,1677773,16,3,5098,0
967,TX000968,AC00185,M062,21.41,digital_goods,Debit,D000092,30.0,1,57,658.91,99,1701707,16,0,29032,0
968,TX000969,AC00487,M097,278.28,travel,Debit,D000038,30.0,1,28,1346.88,26,1696263,16,0,23588,0
969,TX000970,AC00280,M019,388.1,digital_goods,Credit,D000653,30.0,1,73,3022.12,40,1692641,18,0,19966,0
970,TX000971,AC00017,M019,215.39,electronics,Debit,D000409,30.0,1,27,1582.55,216,1687364,16,2,14689,0
971,TX000972,AC00496,M024,194.37,electronics,Debit,D000151,30.0,1,66,14395.88,161,1682531,17,2,9856,0
972,TX000973,AC00304,M038,37.7,electronics,Debit,D000344,30.0,1,20,1741.1,109,1688054,16,3,15379,0
973,TX000974,AC00475,M016,19.59,travel,Debit,D000529,30.0,1,64,1061.69,122,1686941,18,4,14266,0
974,TX000975,AC00111,M028,81.35,digital_goods,Debit,D000242,30.0,1,41,7192.45,103,1674495,17,0,1820,0
975,TX000976,AC00316,M035,314.54,travel,Credit,D000168,30.0,1,58,9923.45,228,1696005,16,4,23330,0
976,TX000977,AC00007,M082,466.64,electronics,Debit,D000327,30.0,1,58,10915.11,11,1693846,16,0,21171,0
977,TX000978,AC00033,M058,397.01,electronics,Debit,D000044,30.0,1,22,719.52,100,1691430,17,0,18755,0
978,TX000979,AC00453,M099,472.48,travel,Debit,D000149,30.0,1,55,7128.82,87,1677517,17,0,4842,0
979,TX000980,AC00147,M001,67.15,digital_goods,Debit,D000661,30.0,1,59,9028.49,14,1700500,17,0,27825,0
980,TX000981,AC00401,M091,102.67,travel,Debit,D000097,30.0,1,79,4656.94,119,1683740,17,2,11065,0
981,TX000982,AC00336,M081,460.09,digital_goods,Credit,D000033,30.0,3,35,6990.64,146,1678122,17,0,5447,0
982,TX000983,AC00281,M088,453.49,travel,Debit,D000471,30.0,1,66,6366.43,147,1672675,16,0,0,0
983,TX000984,AC00082,M100,267.17,electronics,Debit,D000638,30.0,1,26,1382.62,170,1692896,16,3,20221,0
984,TX000985,AC00247,M096,111.26,electronics,Debit,D000102,30.0,1,66,14350.11,43,1692378,17,4,19703,0
985,TX000986,AC00278,M053,121.17,electronics,Debit,D000573,30.0,1,68,12990.77,158,1703525,17,0,30850,0
986,TX000987,AC00176,M088,213.28,travel,Debit,D000034,30.0,1,51,4835.91,94,1703528,18,0,30853,0
987,TX000988,AC00159,M017,187.88,electronics,Debit,D000034,30.0,1,60,2154.58,180,1691685,16,3,19010,0
988,TX000989,AC00035,M054,471.88,digital_goods,Credit,D000317,30.0,1,34,14833.34,141,1698691,18,0,26016,0
989,TX000990,AC00463,M031,83.79,electronics,Debit,D000176,30.0,1,57,5061.3,47,1697128,16,3,24453,0
990,TX000991,AC00339,M047,212.14,travel,Debit,D000269,30.0,1,72,7225.06,105,1692034,17,0,19359,0
991,TX000992,AC00239,M045,99.16,digital_goods,Debit,D000573,30.0,1,79,2607.58,202,1677606,17,1,4931,0
992,TX000993,AC00090,M071,839.33,travel,Credit,D000579,30.0,1,60,11538.97,86,1683043,16,1,10368,0
993,TX000994,AC00144,M034,29.91,digital_goods,Credit,D000551,30.0,3,76,2834.84,43,1690820,16,0,18145,0
994,TX000995,AC00488,M086,4.24,digital_goods,Debit,D000226,30.0,1,38,7822.73,38,1681749,16,0,9074,0
995,TX000996,AC00039,M028,50.29,digital_goods,Credit,D000499,30.0,1,58,7604.9,64,1695053,16,0,22378,0
996,TX000997,AC00475,M015,135.85,digital_goods,Debit,D000430,30.0,1,57,1480.39,269,1691083,17,3,18408,0
997,TX000998,AC00368,M099,368.53,travel,Debit,D000469,30.0,1,68,13696.31,34,1680538,16,0,7863,0
998,TX000999,AC00339,M027,17.95,travel,Credit,D000411,30.0,1,64,12344.9,135,1685985,17,0,13310,0
999,TX001000,AC00297,M026,127.8,travel,Credit,D000376,30.0,1,31,8630.99,47,1677773,16,3,5098,0
1000,TX001001,AC00345,M073,16.73,digital_goods,Debit,D000411,30.0,1,45,2202.62,48,1677087,17,2,4412,0
1001,TX001002,AC00458,M018,317.12,travel,Debit,D000007,30.0,1,44,14409.74,80,1702310,16,0,29635,0
1002,TX001003,AC00062,M037,476.63,electronics,Debit,D000697,30.0,1,79,4894.25,115,1690305,17,1,17630,0
1003,TX001004,AC00070,M083,156.58,travel,Debit,D000079,30.0,1,24,8981.61,160,1695052,16,0,22377,0
1004,TX001005,AC00183,M021,55.12,digital_goods,Credit,D000219,30.0,1,34,3791.99,261,1695053,16,0,22378,0
1005,TX001006,AC00190,M051,15.74,travel,Debit,D000064,30.0,1,27,690.16,38,1673280,16,0,605,0
1006,TX001007,AC00255,M030,353.68,digital_goods,Debit,D000614,30.0,1,70,6777.12,145,1699288,16,0,26613,0
1007,TX001008,AC00311,M034,297.15,digital_goods,Debit,D000273,30.0,1,76,5449.37,178,1697134,18,3,24459,0
1008,TX001009,AC00075,M034,647.85,travel,Debit,D000574,30.0,1,36,13779.97,121,1701707,16,0,29032,0
1009,TX001010,AC00013,M056,75.04,electronics,Debit,D000037,30.0,1,49,9648.6,178,1690477,17,3,17802,0
1010,TX001011,AC00247,M086,273.92,digital_goods,Debit,D000602,30.0,1,28,1029.15,35,1683568,17,0,10893,0
1011,TX001012,AC00329,M073,215.8,travel,Credit,D000273,30.0,1,51,3656.62,66,1684425,16,3,11750,0
1012,TX001013,AC00257,M055,963.77,electronics,Debit,D000382,30.0,1,41,6710.51,248,1689093,16,1,16418,0
1013,TX001014,AC00414,M086,420.6,travel,Debit,D000124,30.0,1,26,1778.75,55,1681747,16,0,9072,0
1014,TX001015,AC00011,M007,688.36,travel,Credit,D000235,30.0,1,23,5191.13,22,1688142,16,4,15467,0
1015,TX001016,AC00416,M084,285.18,travel,Credit,D000515,30.0,1,55,14847.97,150,1678293,16,2,5618,0
1016,TX001017,AC00174,M077,213.55,electronics,Debit,D000680,30.0,1,63,5238.37,15,1680192,16,3,7517,0
1017,TX001018,AC00218,M078,463.11,travel,Credit,D000210,30.0,1,51,10238.82,159,1695747,16,1,23072,0
1018,TX001019,AC00323,M059,150.03,electronics,Debit,D000325,30.0,1,73,7491.42,176,1689005,16,0,16330,0
1019,TX001020,AC00209,M049,428.61,travel,Debit,D000273,30.0,1,51,2116.36,131,1696867,16,0,24192,0
1020,TX001021,AC00337,M094,309.56,digital_goods,Debit,D000591,30.0,1,58,972.04,147,1685986,17,0,13311,0
1021,TX001022,AC00083,M090,377.08,travel,Credit,D000124,30.0,1,26,6430.86,71,1676482,17,2,3807,0
1022,TX001023,AC00246,M059,77.25,travel,Debit,D000142,30.0,1,68,14077.97,157,1703267,17,4,30592,0
1023,TX001024,AC00194,M003,146.92,electronics,Debit,D000522,30.0,1,64,3990.6,272,1694190,16,4,21515,0
1024,TX001025,AC00361,M031,126.6,travel,Debit,D000634,30.0,1,22,961.65,146,1685116,16,4,12441,0
1025,TX001026,AC00214,M068,101.34,electronics,Debit,D000501,30.0,1,24,703.26,46,1677865,17,4,5190,0
1026,TX001027,AC00204,M012,184.97,travel,Debit,D000180,30.0,1,58,1156.67,268,1687798,16,0,15123,0
1027,TX001028,AC00394,M094,451.15,electronics,Debit,D000245,30.0,1,46,1356.47,175,1677516,16,0,4841,0
1028,TX001029,AC00002,M026,516.47,electronics,Credit,D000420,30.0,1,25,1305.06,94,1703178,17,3,30503,0
1029,TX001030,AC00337,M093,880.04,electronics,Debit,D000057,30.0,1,25,261.97,29,1698692,18,0,26017,1
1030,TX001031,AC00184,M068,353.69,digital_goods,Debit,D000474,30.0,1,59,9500.79,163,1692722,16,1,20047,0
1031,TX001032,AC00258,M043,66.69,travel,Credit,D000624,30.0,1,25,1210.33,140,1698854,16,2,26179,0
1032,TX001033,AC00164,M064,95.75,travel,Debit,D000040,30.0,1,31,337.62,169,1689180,16,2,16505,0
1033,TX001034,AC00032,M073,43.91,digital_goods,Debit,D000515,30.0,1,27,1806.68,86,1692297,18,3,19622,0
1034,TX001035,AC00092,M095,98.03,travel,Debit,D000697,30.0,1,54,6323.45,165,1702924,18,0,30249,0
1035,TX001036,AC00485,M057,617.66,electronics,Debit,D000253,30.0,1,42,7155.95,128,1676567,17,3,3892,0
1036,TX001037,AC00067,M092,888.57,digital_goods,Debit,D000365,30.0,1,62,7896.14,102,1686673,16,1,13998,0
1037,TX001038,AC00005,M080,107.48,travel,Debit,D000221,30.0,1,22,591.23,129,1701712,18,0,29037,0
1038,TX001039,AC00291,M051,36.57,electronics,Debit,D000617,30.0,1,62,2583.07,69,1691426,16,0,18751,0
1039,TX001040,AC00284,M081,575.62,digital_goods,Debit,D000682,30.0,1,43,234.41,129,1686594,18,0,13919,0
1040,TX001041,AC00024,M018,84.89,electronics,Debit,D000618,30.0,1,37,4735.61,70,1684776,17,0,12101,0
1041,TX001042,AC00310,M061,832.3,travel,Credit,D000153,30.0,1,69,6617.52,86,1689180,16,2,16505,0
1042,TX001043,AC00246,M012,180.65,travel,Debit,D000552,30.0,5,22,816.01,38,1701712,17,0,29037,0
1043,TX001044,AC00463,M091,7.76,digital_goods,Credit,D000376,30.0,1,52,7393.11,84,1679937,17,0,7262,0
1044,TX001045,AC00318,M020,109.3,travel,Debit,D000006,30.0,1,56,13510.11,27,1690995,16,2,18320,0
1045,TX001046,AC00474,M006,230.08,digital_goods,Debit,D000045,30.0,1,79,4466.1,124,1682958,16,0,10283,0
1046,TX001047,AC00192,M018,361.92,electronics,Debit,D000647,30.0,1,54,7474.31,111,1676909,16,0,4234,0
1047,TX001048,AC00100,M075,71.29,electronics,Debit,D000345,30.0,2,68,7225.63,55,1675357,17,3,2682,0
1048,TX001049,AC00407,M065,122.45,travel,Debit,D000505,30.0,1,46,7255.49,98,1673887,16,0,1212,0
1049,TX001050,AC00276,M048,642.53,electronics,Debit,D000202,30.0,1,65,11417.91,128,1692031,16,0,19356,0
1050,TX001051,AC00420,M090,62.86,travel,Debit,D000271,30.0,1,25,1040.43,31,1683563,16,0,10888,0
1051,TX001052,AC00228,M049,175.21,electronics,Credit,D000059,30.0,1,69,6039.04,69,1703184,18,3,30509,0
1052,TX001053,AC00022,M053,168.0,travel,Credit,D000669,30.0,1,32,3498.58,11,1692892,16,3,20217,0
1053,TX001054,AC00052,M056,11.46,digital_goods,Debit,D000232,30.0,1,67,6628.75,73,1696870,16,0,24195,0
1054,TX001055,AC00151,M091,382.07,travel,Credit,D000318,30.0,1,62,10156.09,147,1685987,17,0,13312,0
1055,TX001056,AC00317,M094,13.48,digital_goods,Debit,D000279,30.0,3,18,521.88,20,1695232,17,2,22557,1
1056,TX001057,AC00348,M094,65.32,electronics,Debit,D000684,30.0,1,28,9165.02,54,1698941,16,3,26266,0
1057,TX001058,AC00191,M026,83.07,travel,Debit,D000182,30.0,4,27,6704.76,291,1673021,16,4,346,0
1058,TX001059,AC00120,M053,730.1,travel,Credit,D000453,30.0,1,77,6384.05,93,1690308,18,1,17633,0
1059,TX001060,AC00487,M019,85.31,electronics,Debit,D000332,30.0,1,62,6095.65,27,1702310,16,0,29635,0
1060,TX001061,AC00173,M081,726.61,electronics,Debit,D000141,30.0,1,18,1008.76,277,1699029,16,4,26354,0
1061,TX001062,AC00089,M024,130.4,travel,Debit,D000373,30.0,1,45,4381.24,63,1680539,16,0,7864,0
1062,TX001063,AC00456,M089,68.1,electronics,Debit,D000235,30.0,1,20,1382.8,47,1672675,16,0,0,0
1063,TX001064,AC00025,M026,65.26,travel,Debit,D000489,30.0,1,26,7380.63,72,1702055,17,4,29380,0
1064,TX001065,AC00158,M016,191.62,travel,Debit,D000663,30.0,1,63,1981.67,51,1690564,17,4,17889,0
1065,TX001066,AC00041,M062,212.88,digital_goods,Debit,D000663,30.0,1,39,7036.72,122,1684521,18,4,11846,0
1066,TX001067,AC00458,M026,88.38,electronics,Debit,D000100,30.0,1,30,3707.82,138,1673971,16,1,1296,0
1067,TX001068,AC00248,M013,48.77,digital_goods,Credit,D000273,30.0,1,42,2040.16,51,1686851,17,3,14176,0
1068,TX001069,AC00356,M064,289.1,electronics,Debit,D000601,30.0,1,27,267.53,206,1689091,16,1,16416,0
1069,TX001070,AC00065,M057,390.09,digital_goods,Debit,D000589,30.0,1,26,2617.23,49,1696870,16,0,24195,0
1070,TX001071,AC00249,M060,48.29,digital_goods,Debit,D000295,30.0,1,37,8883.4,242,1695664,17,0,22989,0
1071,TX001072,AC00497,M097,333.83,electronics,Debit,D000063,30.0,1,63,1660.66,135,1690825,17,0,18150,0
1072,TX001073,AC00045,M081,1074.29,travel,Debit,D000147,30.0,1,67,2011.6,79,1672936,16,3,261,0
1073,TX001074,AC00442,M045,100.27,digital_goods,Debit,D000298,30.0,1,79,4309.9,51,1689009,17,0,16334,0
1074,TX001075,AC00248,M048,44.54,electronics,Debit,D000046,30.0,1,31,362.4,164,1697473,16,0,24798,0
1075,TX001076,AC00078,M054,1156.18,digital_goods,Credit,D000022,30.0,1,52,836.69,40,1695312,16,3,22637,0
1076,TX001077,AC00345,M096,82.17,travel,Debit,D000669,30.0,1,28,1913.06,21,1702923,18,0,30248,0
1077,TX001078,AC00331,M036,1045.45,digital_goods,Debit,D000547,30.0,1,19,563.46,150,1698684,16,0,26009,0
1078,TX001079,AC00332,M056,447.42,digital_goods,Debit,D000279,30.0,1,32,6133.22,65,1702917,16,0,30242,0
1079,TX001080,AC00448,M089,590.26,travel,Credit,D000519,30.0,1,25,1068.28,48,1687191,16,0,14516,0
1080,TX001081,AC00102,M027,192.73,travel,Debit,D000391,30.0,1,71,2037.75,157,1697475,16,0,24800,0
1081,TX001082,AC00200,M017,146.01,digital_goods,Debit,D000270,30.0,1,26,221.79,269,1682440,16,1,9765,0
1082,TX001083,AC00200,M068,136.05,digital_goods,Debit,D000362,30.0,3,24,1127.54,63,1674490,16,0,1815,0
1083,TX001084,AC00086,M037,11.57,travel,Credit,D000550,30.0,1,56,2061.61,64,1703089,16,2,30414,0
1084,TX001085,AC00139,M076,102.34,digital_goods,Debit,D000376,30.0,1,51,9326.28,78,1684426,16,3,11751,0
1085,TX001086,AC00154,M090,7.82,electronics,Debit,D000063,30.0,1,36,2240.49,273,1673286,17,0,611,0
1086,TX001087,AC00403,M009,79.43,electronics,Debit,D000393,30.0,1,74,6579.37,72,1690219,17,0,17544,0
1087,TX001088,AC00330,M098,386.97,travel,Debit,D000324,30.0,1,58,1876.35,137,1675183,16,1,2508,0
1088,TX001089,AC00362,M040,51.22,travel,Debit,D000083,30.0,1,23,1664.59,82,1688055,16,3,15380,0
1089,TX001090,AC00423,M009,256.05,electronics,Debit,D000304,30.0,1,54,6910.18,35,1686155,16,2,13480,0
1090,TX001091,AC00286,M097,7.79,travel,Debit,D000214,30.0,1,34,1319.85,298,1686936,17,4,14261,0
1091,TX001092,AC00332,M073,233.71,travel,Debit,D000476,30.0,1,63,6095.5,11,1696352,17,1,23677,0
1092,TX001093,AC00080,M057,176.37,travel,Debit,D000501,30.0,1,55,2420.86,126,1673887,16,0,1212,0
1093,TX001094,AC00150,M029,122.63,travel,Debit,D000112,30.0,1,21,359.06,153,1682015,18,3,9340,0
1094,TX001095,AC00441,M099,86.41,electronics,Debit,D000061,30.0,1,75,3128.71,125,1679939,17,0,7264,0
1095,TX001096,AC00196,M071,21.57,electronics,Debit,D000655,30.0,1,54,7587.48,71,1698336,16,3,25661,0
1096,TX001097,AC00444,M014,82.67,travel,Debit,D000466,30.0,1,26,290.59,46,1692981,16,4,20306,0
1097,TX001098,AC00295,M028,451.35,travel,Credit,D000440,30.0,1,47,7707.96,223,1693939,18,1,21264,0
1098,TX001099,AC00157,M005,299.42,travel,Credit,D000516,30.0,1,63,4735.41,53,1701710,17,0,29035,0
1099,TX001100,AC00456,M092,543.47,electronics,Debit,D000388,30.0,1,18,6165.03,122,1692033,17,0,19358,0
1100,TX001101,AC00271,M055,346.76,travel,Credit,D000299,30.0,1,21,1637.75,116,1703867,16,4,31192,0
1101,TX001102,AC00462,M027,47.48,travel,Debit,D000198,30.0,1,24,585.52,66,1676911,16,0,4236,0
1102,TX001103,AC00310,M082,64.92,travel,Debit,D000110,30.0,1,58,5481.76,236,1684522,18,4,11847,0
1103,TX001104,AC00189,M035,350.72,electronics,Credit,D000679,30.0,1,28,1982.9,48,1690994,16,2,18319,0
1104,TX001105,AC00328,M057,3.8,digital_goods,Debit,D000286,30.0,1,65,5766.96,174,1690906,16,1,18231,0
1105,TX001106,AC00057,M044,22.54,digital_goods,Debit,D000075,30.0,1,26,7139.11,42,1693325,16,1,20650,0
1106,TX001107,AC00360,M039,767.14,travel,Credit,D000441,30.0,1,62,4732.57,38,1693326,16,1,20651,0
1107,TX001108,AC00209,M024,167.47,electronics,Debit,D000002,30.0,1,35,2293.13,103,1701452,17,4,28777,0
1108,TX001109,AC00390,M066,43.65,travel,Credit,D000236,30.0,1,30,2870.67,212,1698683,16,0,26008,0
1109,TX001110,AC00061,M029,391.08,digital_goods,Debit,D000290,30.0,1,56,6885.16,105,1682701,17,4,10026,0
1110,TX001111,AC00345,M045,390.77,digital_goods,Debit,D000548,30.0,1,44,5500.56,34,1698681,16,0,26006,0
1111,TX001112,AC00254,M038,508.16,electronics,Debit,D000010,30.0,1,39,5609.44,131,1680027,18,1,7352,0
1112,TX001113,AC00271,M053,36.76,digital_goods,Credit,D000380,30.0,1,65,1228.93,108,1681145,16,0,8470,0
1113,TX001114,AC00451,M039,332.33,electronics,Debit,D000128,30.0,1,27,192.63,101,1687280,17,1,14605,0
1114,TX001115,AC00061,M093,362.09,travel,Debit,D000449,30.0,1,32,6590.28,31,1677517,16,0,4842,0
1115,TX001116,AC00245,M057,42.58,digital_goods,Debit,D000388,30.0,1,30,13485.0,80,1675701,16,0,3026,0
1116,TX001117,AC00105,M008,122.35,travel,Credit,D000649,30.0,1,53,6472.5,188,1681321,17,2,8646,0
1117,TX001118,AC00122,M058,248.66,digital_goods,Debit,D000129,30.0,1,28,2571.39,113,1675446,17,4,2771,0
1118,TX001119,AC00202,M044,461.25,digital_goods,Credit,D000612,30.0,1,54,676.1,171,1693243,17,0,20568,0
1119,TX001120,AC00423,M082,61.77,travel,Debit,D000327,30.0,1,56,12352.2,49,1695920,17,3,23245,0
1120,TX001121,AC00362,M022,268.92,travel,Debit,D000127,30.0,1,29,8765.38,148,1692030,16,0,19355,0
1121,TX001122,AC00426,M056,303.97,digital_goods,Debit,D000215,30.0,5,24,1590.88,77,1675356,16,3,2681,0
1122,TX001123,AC00204,M093,219.02,digital_goods,Credit,D000442,30.0,1,54,7375.73,68,1704126,16,0,31451,0
1123,TX001124,AC00369,M080,125.14,travel,Debit,D000133,30.0,1,20,1845.18,31,1693243,17,0,20568,0
1124,TX001125,AC00365,M026,47.6,digital_goods,Debit,D000591,30.0,1,53,1382.51,115,1677177,18,3,4502,0
1125,TX001126,AC00063,M076,592.82,digital_goods,Debit,D000450,30.0,1,74,7508.98,248,1694712,17,3,22037,0
1126,TX001127,AC00455,M073,372.5,electronics,Debit,D000628,30.0,1,22,3901.82,211,1697480,18,0,24805,0
1127,TX001128,AC00415,M051,4.72,travel,Debit,D000610,30.0,1,32,4792.01,20,1681747,16,0,9072,0
1128,TX001129,AC00279,M093,144.93,travel,Debit,D000136,30.0,1,42,6887.52,74,1684254,16,1,11579,0
1129,TX001130,AC00262,M052,316.56,digital_goods,Debit,D000457,30.0,1,28,8643.51,261,1693333,18,1,20658,0
1130,TX001131,AC00306,M096,9.18,digital_goods,Debit,D000535,30.0,1,22,887.32,140,1688667,18,3,15992,0
1131,TX001132,AC00164,M007,421.25,digital_goods,Debit,D000422,30.0,1,25,7174.69,66,1672935,16,3,260,0
1132,TX001133,AC00236,M084,185.71,travel,Debit,D000635,30.0,1,48,2679.91,194,1691424,16,0,18749,0
1133,TX001134,AC00095,M081,1432.02,travel,Debit,D000263,30.0,1,60,4315.07,138,1694195,17,4,21520,0
1134,TX001135,AC00016,M027,26.27,digital_goods,Credit,D000332,30.0,1,45,8853.93,177,1679070,16,4,6395,0
1135,TX001136,AC00386,M041,297.03,digital_goods,Debit,D000329,30.0,1,61,1088.62,151,1694192,17,4,21517,0
1136,TX001137,AC00032,M037,341.67,travel,Debit,D000160,30.0,5,53,1442.29,96,1678121,16,0,5446,0
1137,TX001138,AC00152,M083,99.52,electronics,Debit,D000335,30.0,1,52,3798.09,127,1681148,17,0,8473,0
1138,TX001139,AC00020,M093,881.1,travel,Debit,D000309,30.0,1,28,9951.68,16,1699893,16,0,27218,0
1139,TX001140,AC00360,M025,139.69,digital_goods,Debit,D000502,30.0,1,52,9567.94,180,1686849,17,3,14174,0
1140,TX001141,AC00286,M001,42.72,electronics,Debit,D000193,30.0,1,37,2669.66,143,1692291,16,3,19616,0
1141,TX001142,AC00241,M028,112.72,travel,Debit,D000602,30.0,1,31,9630.0,17,1679934,16,0,7259,0
1142,TX001143,AC00331,M076,568.88,travel,Debit,D000321,30.0,1,19,1307.86,105,1676046,16,4,3371,0
1143,TX001144,AC00258,M046,189.03,electronics,Debit,D000074,30.0,1,28,1916.46,50,1682013,17,3,9338,0
1144,TX001145,AC00040,M038,199.8,electronics,Debit,D000138,30.0,1,20,167.28,163,1690215,16,0,17540,0
1145,TX001146,AC00143,M011,189.08,travel,Debit,D000641,30.0,1,68,10790.8,238,1678723,16,0,6048,0
1146,TX001147,AC00068,M097,958.9,travel,Debit,D000183,30.0,1,31,9977.49,135,1688488,16,1,15813,0
1147,TX001148,AC00052,M042,409.59,digital_goods,Debit,D000430,30.0,1,35,14563.02,50,1679328,16,0,6653,0
1148,TX001149,AC00352,M047,349.34,electronics,Credit,D000402,30.0,1,28,614.14,245,1673283,16,0,608,0
1149,TX001150,AC00254,M089,283.15,digital_goods,Debit,D000383,30.0,1,24,603.79,180,1691771,16,4,19096,0
1150,TX001151,AC00100,M013,151.82,electronics,Debit,D000347,30.0,1,51,2197.12,105,1689611,16,0,16936,0
1151,TX001152,AC00412,M035,438.59,digital_goods,Debit,D000347,30.0,1,37,8994.39,103,1698688,17,0,26013,0
1152,TX001153,AC00012,M050,590.57,electronics,Debit,D000540,30.0,1,79,3224.6,93,1687968,16,2,15293,0
1153,TX001154,AC00353,M092,63.74,digital_goods,Debit,D000658,30.0,1,63,4336.4,31,1694541,17,1,21866,0
1154,TX001155,AC00445,M053,77.02,digital_goods,Credit,D000560,30.0,1,59,800.83,132,1692289,16,3,19614,0
1155,TX001156,AC00281,M088,501.15,travel,Debit,D000322,30.0,1,47,8821.84,208,1692641,18,0,19966,0
1156,TX001157,AC00211,M047,917.81,electronics,Debit,D000217,30.0,2,64,3173.17,75,1693420,18,2,20745,0
1157,TX001158,AC00379,M008,8.95,digital_goods,Debit,D000686,30.0,1,76,3299.84,102,1696435,16,2,23760,0
1158,TX001159,AC00108,M043,173.6,digital_goods,Debit,D000165,30.0,1,21,421.44,160,1701189,16,1,28514,0
1159,TX001160,AC00243,M039,149.4,electronics,Debit,D000077,30.0,1,53,1035.22,123,1683045,16,1,10370,0
1160,TX001161,AC00032,M013,388.21,travel,Credit,D000387,30.0,1,53,9724.49,237,1703003,16,1,30328,0
1161,TX001162,AC00460,M026,484.3,digital_goods,Credit,D000407,30.0,3,61,7910.3,230,1697564,17,1,24889,0
1162,TX001163,AC00459,M019,126.04,travel,Credit,D000258,30.0,1,65,6041.69,167,1687192,16,0,14517,0
1163,TX001164,AC00309,M070,52.04,travel,Credit,D000310,30.0,1,50,8436.12,31,1690475,16,3,17800,0
1164,TX001165,AC00109,M030,389.7,travel,Credit,D000423,30.0,1,62,7125.15,216,1678466,16,4,5791,0
1165,TX001166,AC00393,M002,161.1,electronics,Credit,D000001,30.0,1,19,239.12,104,1681147,17,0,8472,0
1166,TX001167,AC00175,M010,309.77,digital_goods,Credit,D000384,30.0,1,67,4378.14,137,1683563,16,0,10888,0
1167,TX001168,AC00010,M040,838.57,electronics,Debit,D000430,30.0,1,41,14576.47,273,1687795,16,0,15120,0
1168,TX001169,AC00120,M029,202.55,electronics,Debit,D000028,30.0,2,21,701.73,34,1699987,18,1,27312,0
1169,TX001170,AC00477,M002,724.18,travel,Debit,D000144,30.0,1,41,10922.78,134,1675699,16,0,3024,0
1170,TX001171,AC00410,M062,124.98,electronics,Debit,D000424,30.0,1,24,642.0,78,1676998,16,1,4323,0
1171,TX001172,AC00044,M005,487.32,travel,Debit,D000345,30.0,1,52,7707.96,164,1697739,18,3,25064,0
1172,TX001173,AC00490,M074,635.91,travel,Credit,D000281,30.0,1,46,13267.09,78,1701190,16,1,28515,0
1173,TX001174,AC00342,M080,205.65,travel,Debit,D000105,30.0,1,62,3582.16,144,1689266,16,3,16591,0
1174,TX001175,AC00462,M030,39.41,travel,Debit,D000356,30.0,1,25,921.91,132,1701102,16,0,28427,0
1175,TX001176,AC00267,M098,254.0,travel,Debit,D000436,30.0,1,35,5788.53,63,1684172,17,0,11497,0
1176,TX001177,AC00363,M098,436.8,travel,Debit,D000033,30.0,1,36,4515.43,213,1700152,16,3,27477,0
1177,TX001178,AC00211,M002,224.73,travel,Debit,D000005,30.0,1,76,7551.89,63,1675960,16,3,3285,0
1178,TX001179,AC00204,M056,752.69,electronics,Credit,D000181,30.0,1,65,14489.69,115,1685386,18,0,12711,0
1179,TX001180,AC00456,M007,78.5,travel,Credit,D000574,30.0,1,31,13991.5,41,1676390,16,1,3715,0
1180,TX001181,AC00016,M018,50.0,electronics,Credit,D000309,30.0,1,53,185.87,87,1677261,18,4,4586,0
1181,TX001182,AC00093,M069,132.42,electronics,Debit,D000019,30.0,1,18,726.39,164,1690215,16,0,17540,0
1182,TX001183,AC00401,M078,11.67,travel,Debit,D000017,30.0,1,76,7458.63,105,1699893,16,0,27218,0
1183,TX001184,AC00366,M091,83.16,electronics,Debit,D000037,30.0,1,61,3065.87,177,1692202,16,2,19527,0
1184,TX001185,AC00107,M019,149.02,travel,Credit,D000346,30.0,1,46,9379.72,176,1693586,16,4,20911,0
1185,TX001186,AC00060,M090,74.27,digital_goods,Credit,D000249,30.0,1,59,13696.61,148,1689268,17,3,16593,0
1186,TX001187,AC00384,M056,876.57,electronics,Credit,D000359,30.0,1,62,3743.63,118,1694448,16,0,21773,0
1187,TX001188,AC00483,M059,615.58,electronics,Debit,D000649,30.0,1,42,14343.0,133,1695660,16,0,22985,0
1188,TX001189,AC00126,M002,643.03,digital_goods,Credit,D000384,30.0,1,36,2882.16,52,1690907,16,1,18232,0
1189,TX001190,AC00437,M087,7.95,electronics,Debit,D000147,30.0,1,79,5631.2,65,1673282,16,0,607,0
1190,TX001191,AC00382,M066,270.92,travel,Credit,D000108,30.0,1,77,4574.43,143,1682096,17,4,9421,0
1191,TX001192,AC00339,M012,499.48,electronics,Debit,D000242,30.0,1,24,1242.62,133,1673974,16,1,1299,0
1192,TX001193,AC00498,M020,841.5,travel,Credit,D000659,30.0,1,25,352.31,287,1684773,16,0,12098,0
1193,TX001194,AC00178,M030,138.82,digital_goods,Debit,D000493,30.0,1,77,3100.22,53,1697472,16,0,24797,0
1194,TX001195,AC00201,M047,231.46,travel,Credit,D000135,30.0,1,60,4707.24,83,1686242,16,3,13567,0
1195,TX001196,AC00124,M067,292.08,electronics,Debit,D000631,30.0,1,72,7950.48,32,1703873,18,4,31198,0
1196,TX001197,AC00404,M026,63.98,digital_goods,Debit,D000150,30.0,1,54,7954.12,258,1698681,16,0,26006,0
1197,TX001198,AC00347,M007,235.21,travel,Debit,D000300,30.0,1,67,5946.61,74,1697474,16,0,24799,0
1198,TX001199,AC00480,M096,201.73,digital_goods,Debit,D000246,30.0,1,57,6650.71,78,1693939,18,1,21264,0
1199,TX001200,AC00303,M051,161.31,electronics,Debit,D000577,30.0,1,28,1268.67,13,1694449,16,0,21774,0
1200,TX001201,AC00249,M072,18.41,travel,Debit,D000028,30.0,1,53,8287.54,168,1701451,17,4,28776,0
1201,TX001202,AC00263,M048,471.75,travel,Credit,D000443,30.0,1,34,12948.5,41,1686076,18,1,13401,0
1202,TX001203,AC00108,M005,290.02,travel,Debit,D000406,30.0,1,55,4746.71,246,1695664,17,0,22989,0
1203,TX001204,AC00490,M060,48.05,travel,Debit,D000668,30.0,1,27,5334.97,38,1684431,17,3,11756,0
1204,TX001205,AC00411,M089,359.42,travel,Debit,D000567,30.0,1,55,1765.45,30,1685377,16,0,12702,0
1205,TX001206,AC00087,M036,32.91,digital_goods,Debit,D000471,30.0,1,19,427.3,255,1683218,16,3,10543,0
1206,TX001207,AC00196,M074,3.8,travel,Debit,D000619,30.0,1,67,6285.39,140,1691513,16,1,18838,0
1207,TX001208,AC00267,M033,31.81,digital_goods,Debit,D000641,30.0,1,51,1406.6,149,1680802,17,3,8127,0
1208,TX001209,AC00267,M047,220.2,digital_goods,Debit,D000288,30.0,1,28,1075.15,102,1694449,16,0,21774,0
1209,TX001210,AC00125,M003,476.03,travel,Credit,D000470,30.0,1,77,5958.34,99,1693584,16,4,20909,0
1210,TX001211,AC00428,M051,141.91,travel,Debit,D000069,30.0,1,23,791.97,49,1674148,17,3,1473,0
1211,TX001212,AC00477,M070,95.83,digital_goods,Debit,D000089,30.0,1,27,1726.4,91,1701446,16,4,28771,0
1212,TX001213,AC00417,M019,51.15,travel,Credit,D000215,30.0,1,46,8992.25,199,1677691,17,2,5016,0
1213,TX001214,AC00170,M093,1192.2,travel,Credit,D000174,30.0,5,60,7816.41,103,1703175,16,3,30500,0
1214,TX001215,AC00147,M018,50.75,electronics,Debit,D000642,30.0,1,62,8271.47,185,1692036,18,0,19361,0
1215,TX001216,AC00097,M062,185.07,travel,Debit,D000322,30.0,1,22,636.42,159,1703005,16,1,30330,0
1216,TX001217,AC00433,M026,293.54,digital_goods,Debit,D000255,30.0,1,40,2290.1,45,1673889,17,0,1214,0
1217,TX001218,AC00381,M062,23.38,travel,Debit,D000412,30.0,1,32,9968.49,89,1695667,18,0,22992,0
1218,TX001219,AC00398,M062,285.26,electronics,Debit,D000137,30.0,1,28,167.72,93,1698854,16,2,26179,0
1219,TX001220,AC00029,M001,129.48,electronics,Debit,D000315,30.0,1,31,7581.7,179,1675701,16,0,3026,0
1220,TX001221,AC00291,M050,743.03,electronics,Debit,D000103,30.0,1,50,4111.38,174,1690476,16,3,17801,0
1221,TX001222,AC00431,M070,297.86,electronics,Credit,D000419,30.0,1,28,1680.14,96,1675704,17,0,3029,0
1222,TX001223,AC00275,M049,231.92,electronics,Debit,D000280,30.0,1,66,5715.08,12,1689012,18,0,16337,0
1223,TX001224,AC00093,M041,295.82,travel,Credit,D000088,30.0,1,47,5897.73,46,1702570,16,3,29895,0
1224,TX001225,AC00442,M081,302.86,digital_goods,Debit,D000004,30.0,1,55,5239.24,275,1688410,18,0,15735,0
1225,TX001226,AC00465,M089,81.08,electronics,Debit,D000196,30.0,1,58,7788.91,56,1695142,16,1,22467,0
1226,TX001227,AC00158,M070,775.6,travel,Credit,D000627,30.0,1,79,3898.64,158,1692639,17,0,19964,0
1227,TX001228,AC00334,M041,178.43,travel,Debit,D000158,30.0,1,26,1214.93,136,1703614,18,1,30939,0
1228,TX001229,AC00093,M075,211.91,digital_goods,Debit,D000487,30.0,1,20,927.47,181,1695055,16,0,22380,0
1229,TX001230,AC00229,M004,17.21,digital_goods,Debit,D000618,30.0,1,23,914.16,219,1703524,17,0,30849,0
1230,TX001231,AC00373,M013,124.22,electronics,Debit,D000523,30.0,1,23,9695.04,172,1684519,17,4,11844,0
1231,TX001232,AC00328,M003,38.37,electronics,Debit,D000228,30.0,1,63,8647.04,135,1693584,16,4,20909,0
1232,TX001233,AC00160,M013,269.79,electronics,Debit,D000202,30.0,1,52,1292.1,17,1696349,16,1,23674,0
1233,TX001234,AC00014,M085,605.42,electronics,Debit,D000488,30.0,1,21,392.34,33,1686672,16,1,13997,0
1234,TX001235,AC00090,M090,11.19,electronics,Debit,D000384,30.0,1,60,9877.17,40,1672680,17,0,5,0
1235,TX001236,AC00053,M004,29.19,travel,Credit,D000300,30.0,1,58,12059.85,41,1674668,17,2,1993,0
1236,TX001237,AC00478,M055,701.7,digital_goods,Credit,D000037,30.0,1,61,6643.24,64,1688144,16,4,15469,0
1237,TX001238,AC00356,M070,862.34,travel,Debit,D000137,30.0,1,57,9903.48,72,1685031,16,3,12356,0
1238,TX001239,AC00244,M026,410.97,electronics,Debit,D000309,30.0,1,22,151.42,45,1695661,17,0,22986,0
1239,TX001240,AC00103,M087,36.97,travel,Debit,D000545,30.0,1,41,2850.92,79,1692811,17,2,20136,0
1240,TX001241,AC00053,M065,137.59,electronics,Debit,D000439,30.0,1,30,10679.67,95,1672763,16,1,88,0
1241,TX001242,AC00151,M015,168.11,digital_goods,Credit,D000050,30.0,1,51,10652.13,12,1684514,16,4,11839,0
1242,TX001243,AC00494,M058,430.98,travel,Debit,D000176,30.0,1,24,569.25,93,1696961,18,1,24286,0
1243,TX001244,AC00219,M077,13.87,travel,Debit,D000670,30.0,1,24,954.83,20,1702319,18,0,29644,0
1244,TX001245,AC00202,M060,642.68,electronics,Debit,D000643,30.0,1,76,1831.2,66,1685033,16,3,12358,0
1245,TX001246,AC00254,M100,175.07,digital_goods,Debit,D000406,30.0,2,28,9274.64,169,1700758,16,3,28083,0
1246,TX001247,AC00285,M020,302.82,electronics,Debit,D000290,30.0,1,36,9384.54,175,1699030,16,4,26355,0
1247,TX001248,AC00071,M049,1647.74,electronics,Debit,D000593,30.0,1,67,1483.84,52,1703526,17,0,30851,0
1248,TX001249,AC00073,M016,406.81,digital_goods,Debit,D000073,30.0,1,66,1968.36,84,1701793,16,1,29118,0
1249,TX001250,AC00383,M066,256.3,digital_goods,Debit,D000099,30.0,1,53,4203.05,172,1680711,16,2,8036,0
1250,TX001251,AC00326,M078,80.96,digital_goods,Credit,D000179,30.0,1,19,959.94,97,1695836,17,2,23161,0
1251,TX001252,AC00153,M061,95.78,digital_goods,Debit,D000211,30.0,1,22,271.64,27,1679591,17,3,6916,0
1252,TX001253,AC00460,M040,379.54,travel,Credit,D000668,30.0,1,41,12571.76,118,1672766,17,1,91,0
1253,TX001254,AC00439,M028,903.19,digital_goods,Debit,D000286,30.0,1,22,8627.08,65,1688665,17,3,15990,0
1254,TX001255,AC00070,M005,142.19,travel,Debit,D000416,30.0,4,18,524.46,27,1686853,18,3,14178,1
1255,TX001256,AC00086,M042,847.45,travel,Debit,D000469,30.0,1,28,422.32,175,1687191,16,0,14516,0
1256,TX001257,AC00330,M100,295.18,travel,Credit,D000126,30.0,1,66,12961.53,31,1683654,17,1,10979,0
1257,TX001258,AC00027,M032,18.46,travel,Debit,D000133,30.0,1,68,6381.6,213,1700497,16,0,27822,0
1258,TX001259,AC00020,M017,603.23,travel,Debit,D000238,30.0,1,28,117.98,48,1692898,17,3,20223,0
1259,TX001260,AC00232,M082,54.5,travel,Credit,D000050,30.0,1,57,1715.22,147,1700672,16,2,27997,0
1260,TX001261,AC00247,M014,414.77,digital_goods,Debit,D000577,30.0,1,29,5599.81,274,1704130,17,0,31455,0
1261,TX001262,AC00136,M081,886.19,travel,Debit,D000614,30.0,1,61,7904.24,69,1692639,17,0,19964,0
1262,TX001263,AC00322,M099,440.03,digital_goods,Debit,D000569,30.0,1,49,1490.44,88,1701274,16,2,28599,0
1263,TX001264,AC00461,M005,35.46,electronics,Debit,D000243,30.0,1,56,1532.72,285,1679588,16,3,6913,0
1264,TX001265,AC00079,M019,76.39,travel,Debit,D000507,30.0,1,18,5976.0,219,1673630,17,4,955,0
1265,TX001266,AC00176,M085,595.91,electronics,Credit,D000063,30.0,1,19,1673.76,162,1691692,18,3,19017,0
1266,TX001267,AC00417,M035,6.03,travel,Debit,D000358,30.0,1,76,3290.72,70,1691606,18,2,18931,0
1267,TX001268,AC00260,M088,249.34,electronics,Debit,D000498,30.0,1,26,3030.97,197,1692120,17,1,19445,0
1268,TX001269,AC00471,M064,421.52,travel,Debit,D000035,30.0,1,20,369.86,67,1692120,17,1,19445,0
1269,TX001270,AC00231,M011,189.77,travel,Debit,D000290,30.0,1,58,6570.36,24,1677514,16,0,4839,0
1270,TX001271,AC00184,M025,73.19,travel,Debit,D000067,30.0,1,76,2264.98,213,1697646,16,2,24971,0
1271,TX001272,AC00475,M091,188.13,digital_goods,Credit,D000157,30.0,1,75,5029.87,198,1685729,18,4,13054,0
1272,TX001273,AC00329,M005,30.52,travel,Debit,D000526,30.0,1,62,12327.74,122,1684516,17,4,11841,0
1273,TX001274,AC00431,M048,1235.69,travel,Credit,D000216,30.0,1,20,420.25,118,1684944,16,2,12269,0
1274,TX001275,AC00398,M091,1159.39,digital_goods,Debit,D000294,30.0,1,41,6499.53,150,1697128,16,3,24453,0
1275,TX001276,AC00221,M050,170.24,travel,Debit,D000150,30.0,1,62,5172.99,133,1685982,16,0,13307,0
1276,TX001277,AC00299,M069,56.62,travel,Debit,D000475,30.0,1,54,8981.1,121,1677520,17,0,4845,0
1277,TX001278,AC00266,M062,53.14,electronics,Debit,D000431,30.0,1,34,7915.0,70,1682097,17,4,9422,0
1278,TX001279,AC00297,M007,587.23,digital_goods,Debit,D000010,30.0,1,27,500.84,144,1690826,17,0,18151,0
1279,TX001280,AC00373,M098,146.15,travel,Debit,D000640,30.0,1,43,13784.4,75,1673027,17,4,352,0
1280,TX001281,AC00489,M070,21.27,digital_goods,Credit,D000386,30.0,1,62,7392.79,114,1690218,17,0,17543,0
1281,TX001282,AC00128,M020,1397.59,electronics,Credit,D000117,30.0,1,26,1134.79,144,1699896,17,0,27221,0
1282,TX001283,AC00409,M087,76.02,digital_goods,Credit,D000644,30.0,1,34,14765.41,189,1689181,16,2,16506,0
1283,TX001284,AC00410,M077,170.19,travel,Credit,D000255,30.0,5,27,745.87,156,1688751,17,4,16076,0
1284,TX001285,AC00360,M081,155.51,electronics,Debit,D000008,30.0,1,68,5360.19,15,1692643,18,0,19968,0
1285,TX001286,AC00422,M100,135.15,digital_goods,Debit,D000639,30.0,1,72,5878.14,50,1679332,17,0,6657,0
1286,TX001287,AC00225,M017,39.48,electronics,Debit,D000435,30.0,1,56,5889.51,38,1685119,16,4,12444,0
1287,TX001288,AC00261,M072,451.68,digital_goods,Debit,D000113,30.0,1,33,4381.54,15,1681844,18,1,9169,0
1288,TX001289,AC00468,M007,19.11,digital_goods,Credit,D000546,30.0,1,49,8478.46,160,1695054,16,0,22379,0
1289,TX001290,AC00138,M053,355.0,digital_goods,Credit,D000052,30.0,1,26,185.47,33,1693327,16,1,20652,0
1290,TX001291,AC00013,M088,427.69,electronics,Debit,D000347,30.0,1,43,2443.54,236,1680019,16,1,7344,0
1291,TX001292,AC00275,M013,254.86,travel,Debit,D000296,30.0,1,23,699.9,102,1674753,17,3,2078,0
1292,TX001293,AC00125,M002,19.48,electronics,Debit,D000674,30.0,1,27,4739.59,114,1689004,16,0,16329,0
1293,TX001294,AC00200,M043,190.17,electronics,Debit,D000467,30.0,1,49,12893.85,265,1686332,17,4,13657,0
1294,TX001295,AC00213,M013,91.38,electronics,Debit,D000609,30.0,1,65,2402.58,179,1680540,16,0,7865,0
1295,TX001296,AC00035,M023,206.63,digital_goods,Credit,D000239,30.0,1,59,7626.53,128,1701965,16,3,29290,0
1296,TX001297,AC00070,M030,93.22,digital_goods,Debit,D000140,30.0,1,52,1014.63,52,1680887,17,4,8212,0
1297,TX001298,AC00275,M070,547.98,electronics,Debit,D000218,30.0,1,28,1358.54,171,1698167,17,1,25492,0
1298,TX001299,AC00060,M099,641.06,electronics,Debit,D000057,30.0,1,23,1602.13,25,1702310,16,0,29635,0
1299,TX001300,AC00304,M001,314.55,travel,Credit,D000513,30.0,2,27,1105.89,19,1682442,17,1,9767,0
1300,TX001301,AC00372,M043,836.45,digital_goods,Debit,D000096,30.0,1,61,1731.89,63,1677513,16,0,4838,0
1301,TX001302,AC00498,M076,1095.09,electronics,Debit,D000198,30.0,1,29,8692.47,52,1681752,17,0,9077,0
1302,TX001303,AC00465,M008,189.45,travel,Credit,D000083,30.0,1,53,12578.75,62,1679418,17,1,6743,0
1303,TX001304,AC00396,M023,91.84,travel,Credit,D000292,30.0,1,67,1712.41,80,1688577,17,2,15902,0
1304,TX001305,AC00083,M076,609.52,electronics,Debit,D000672,30.0,1,78,3485.03,169,1690560,16,4,17885,0
1305,TX001306,AC00479,M066,859.3,travel,Credit,D000067,30.0,1,78,1146.78,68,1690910,17,1,18235,0
1306,TX001307,AC00091,M061,100.01,electronics,Debit,D000499,30.0,1,50,6393.12,63,1688054,16,3,15379,0
1307,TX001308,AC00024,M096,28.78,digital_goods,Credit,D000041,30.0,1,40,680.55,51,1691424,16,0,18749,0
1308,TX001309,AC00366,M064,111.08,digital_goods,Debit,D000493,30.0,1,70,7037.34,83,1684172,17,0,11497,0
1309,TX001310,AC00470,M036,470.96,digital_goods,Credit,D000600,30.0,2,69,12991.03,124,1678465,16,4,5790,0
1310,TX001311,AC00032,M016,52.23,travel,Credit,D000088,30.0,1,28,105.01,96,1694455,18,0,21780,0
1311,TX001312,AC00136,M084,78.62,travel,Debit,D000521,30.0,1,32,1360.85,52,1690821,16,0,18146,0
1312,TX001313,AC00001,M034,47.79,travel,Debit,D000649,30.0,1,25,1649.92,37,1694797,17,4,22122,0
1313,TX001314,AC00187,M011,333.97,travel,Debit,D000305,30.0,1,52,5237.36,45,1679501,16,2,6826,0
1314,TX001315,AC00452,M025,30.87,electronics,Debit,D000015,30.0,1,33,14348.65,295,1689180,16,2,16505,0
1315,TX001316,AC00036,M007,710.43,digital_goods,Debit,D000398,30.0,1,67,5625.55,115,1678295,17,2,5620,0
1316,TX001317,AC00125,M059,220.23,electronics,Debit,D000663,30.0,1,41,3438.02,48,1695062,18,0,22387,0
1317,TX001318,AC00403,M070,27.28,electronics,Debit,D000082,30.0,1,29,10668.24,96,1703521,16,0,30846,0
1318,TX001319,AC00264,M086,101.52,electronics,Debit,D000002,30.0,1,49,2018.9,98,1691598,16,2,18923,0
1319,TX001320,AC00123,M088,162.65,electronics,Debit,D000169,30.0,1,59,9500.95,147,1683825,17,3,11150,0
1320,TX001321,AC00298,M019,10.52,electronics,Debit,D000137,30.0,1,55,2472.99,30,1689788,17,2,17113,0
1321,TX001322,AC00235,M027,270.72,travel,Debit,D000149,30.0,1,38,6522.47,37,1679937,17,0,7262,0
1322,TX001323,AC00259,M049,202.34,digital_goods,Debit,D000023,30.0,1,20,1223.45,134,1673368,16,1,693,0
1323,TX001324,AC00329,M068,247.58,electronics,Debit,D000112,30.0,1,39,778.74,152,1685385,18,0,12710,0
1324,TX001325,AC00482,M030,686.17,electronics,Debit,D000103,30.0,1,61,2246.15,96,1696354,17,1,23679,0
1325,TX001326,AC00020,M085,359.65,digital_goods,Credit,D000133,30.0,1,25,219.53,289,1673546,17,3,871,0
1326,TX001327,AC00453,M074,109.91,travel,Debit,D000517,30.0,1,38,12896.06,90,1682958,16,0,10283,0
1327,TX001328,AC00367,M032,215.72,travel,Credit,D000682,30.0,1,30,8697.11,137,1697047,18,2,24372,0
1328,TX001329,AC00167,M048,490.76,digital_goods,Debit,D000193,30.0,1,66,6414.11,156,1674145,16,3,1470,0
1329,TX001330,AC00110,M068,224.28,digital_goods,Debit,D000316,30.0,1,64,5767.51,68,1676479,16,2,3804,0
1330,TX001331,AC00078,M086,614.03,electronics,Debit,D000693,30.0,1,68,2815.86,51,1683563,16,0,10888,0
1331,TX001332,AC00212,M015,608.79,digital_goods,Debit,D000399,30.0,1,55,2991.17,157,1699036,18,4,26361,0
1332,TX001333,AC00051,M003,186.55,travel,Debit,D000049,30.0,1,48,224.65,288,1687366,16,2,14691,0
1333,TX001334,AC00250,M014,840.16,travel,Credit,D000692,30.0,1,20,1236.76,68,1679330,16,0,6655,0
1334,TX001335,AC00304,M061,203.34,electronics,Debit,D000057,30.0,1,60,13586.99,66,1703092,17,2,30417,0
1335,TX001336,AC00007,M071,90.88,electronics,Debit,D000086,30.0,1,26,7117.35,284,1700500,17,0,27825,0
1336,TX001337,AC00017,M067,60.11,travel,Credit,D000636,30.0,1,61,7235.87,122,1701106,17,0,28431,0
1337,TX001338,AC00158,M061,393.92,travel,Debit,D000504,30.0,1,72,7318.64,47,1684256,16,1,11581,0
1338,TX001339,AC00110,M062,19.39,electronics,Debit,D000294,30.0,1,43,9847.6,45,1700239,16,4,27564,0
1339,TX001340,AC00175,M087,557.41,digital_goods,Credit,D000180,30.0,1,80,2968.75,49,1681491,16,4,8816,0
1340,TX001341,AC00079,M027,57.07,digital_goods,Credit,D000250,30.0,1,31,9323.71,99,1692981,16,4,20306,0
1341,TX001342,AC00403,M085,395.27,digital_goods,Credit,D000045,30.0,1,18,1764.08,167,1691426,16,0,18751,0
1342,TX001343,AC00228,M088,289.05,electronics,Debit,D000493,30.0,1,75,5683.49,116,1686333,17,4,13658,0
1343,TX001344,AC00344,M048,46.11,digital_goods,Debit,D000184,30.0,1,33,5225.73,233,1679936,17,0,7261,0
1344,TX001345,AC00466,M003,335.5,electronics,Debit,D000326,30.0,1,63,6445.4,47,1692028,16,0,19353,0
1345,TX001346,AC00204,M067,388.07,digital_goods,Debit,D000422,30.0,1,24,289.71,68,1693935,17,1,21260,0
1346,TX001347,AC00030,M017,520.86,digital_goods,Credit,D000309,30.0,1,51,9200.74,66,1679329,16,0,6654,0
1347,TX001348,AC00455,M081,787.41,digital_goods,Debit,D000351,30.0,1,25,300.87,39,1687191,16,0,14516,0
1348,TX001349,AC00094,M074,31.7,electronics,Credit,D000596,30.0,1,48,743.9,121,1685638,16,3,12963,0
1349,TX001350,AC00185,M030,22.3,electronics,Debit,D000035,30.0,1,21,1200.35,90,1682960,16,0,10285,0
1350,TX001351,AC00351,M078,203.12,electronics,Debit,D000004,30.0,1,56,1562.39,181,1674061,16,2,1386,0
1351,TX001352,AC00335,M024,315.94,travel,Credit,D000625,30.0,1,49,7719.71,172,1677517,17,0,4842,0
1352,TX001353,AC00409,M058,192.23,digital_goods,Debit,D000117,30.0,3,54,2610.67,39,1703781,16,3,31106,0
1353,TX001354,AC00312,M060,1510.71,digital_goods,Debit,D000106,30.0,1,66,2060.02,51,1686847,16,3,14172,0
1354,TX001355,AC00097,M090,0.26,digital_goods,Debit,D000239,30.0,1,20,1833.67,173,1700756,16,3,28081,0
1355,TX001356,AC00447,M094,210.77,electronics,Debit,D000009,30.0,1,71,5396.65,161,1685551,16,2,12876,0
1356,TX001357,AC00280,M062,406.65,electronics,Debit,D000013,30.0,1,57,12995.7,107,1699468,18,2,26793,0
1357,TX001358,AC00023,M027,422.9,electronics,Debit,D000237,30.0,1,40,7616.43,111,1677514,16,0,4839,0
1358,TX001359,AC00077,M014,20.62,electronics,Credit,D000627,30.0,1,35,12500.8,225,1687367,17,2,14692,0
1359,TX001360,AC00113,M015,174.39,electronics,Debit,D000078,30.0,1,19,1127.08,36,1673280,16,0,605,0
1360,TX001361,AC00391,M053,7.86,travel,Credit,D000065,30.0,1,76,3621.98,91,1697474,16,0,24799,0
1361,TX001362,AC00136,M038,61.98,digital_goods,Debit,D000376,30.0,1,49,5212.28,44,1672769,18,1,94,0
1362,TX001363,AC00204,M071,54.85,travel,Credit,D000287,30.0,1,58,2727.45,40,1693929,16,1,21254,0
1363,TX001364,AC00089,M032,204.7,travel,Debit,D000359,30.0,5,49,5117.03,95,1695312,16,3,22637,0
1364,TX001365,AC00305,M009,16.55,travel,Debit,D000477,30.0,1,26,6089.79,159,1694451,17,0,21776,0
1365,TX001366,AC00338,M056,91.32,travel,Debit,D000353,30.0,1,58,2618.1,77,1699634,16,4,26959,0
1366,TX001367,AC00268,M016,195.49,electronics,Debit,D000472,30.0,1,31,11988.12,212,1686587,16,0,13912,0
1367,TX001368,AC00363,M055,49.62,electronics,Debit,D000080,30.0,1,55,3841.42,111,1701965,16,3,29290,0
1368,TX001369,AC00316,M077,487.16,travel,Credit,D000361,30.0,1,28,321.21,84,1672675,16,0,0,0
1369,TX001370,AC00167,M031,405.6,digital_goods,Debit,D000643,30.0,1,37,9754.73,44,1691516,17,1,18841,0
1370,TX001371,AC00405,M066,512.95,travel,Debit,D000335,30.0,1,57,9584.52,143,1697476,17,0,24801,0
1371,TX001372,AC00098,M100,345.94,electronics,Debit,D000354,30.0,1,31,7624.56,163,1696872,17,0,24197,0
1372,TX001373,AC00116,M100,356.56,digital_goods,Debit,D000399,30.0,1,47,2485.73,52,1696872,17,0,24197,0
1373,TX001374,AC00267,M054,10.31,digital_goods,Debit,D000072,30.0,1,36,2137.9,280,1673627,16,4,952,0
1374,TX001375,AC00447,M066,211.69,travel,Debit,D000674,30.0,1,30,6412.85,111,1697817,16,4,25142,0
1375,TX001376,AC00042,M052,221.49,travel,Credit,D000203,30.0,1,23,707.25,196,1694628,18,2,21953,0
1376,TX001377,AC00074,M019,278.23,digital_goods,Debit,D000530,30.0,1,48,8300.54,83,1683222,17,3,10547,0
1377,TX001378,AC00063,M026,116.88,electronics,Debit,D000024,30.0,1,45,7717.34,263,1696439,17,2,23764,0
1378,TX001379,AC00085,M033,328.77,digital_goods,Credit,D000133,30.0,1,39,6967.03,247,1680544,17,0,7869,0
1379,TX001380,AC00126,M052,77.53,travel,Debit,D000522,30.0,1,54,5158.6,55,1690308,18,1,17633,0
1380,TX001381,AC00471,M014,421.74,digital_goods,Debit,D000339,30.0,1,67,12031.14,103,1687280,17,1,14605,0
1381,TX001382,AC00304,M034,313.69,travel,Debit,D000211,30.0,1,73,7093.68,152,1678466,16,4,5791,0
1382,TX001383,AC00242,M014,411.72,travel,Debit,D000104,30.0,1,29,8539.86,153,1687286,18,1,14611,0
1383,TX001384,AC00261,M071,508.73,travel,Debit,D000316,30.0,1,59,7640.57,89,1689351,16,4,16676,0
1384,TX001385,AC00338,M057,153.08,electronics,Debit,D000637,30.0,1,24,1292.21,201,1701104,16,0,28429,0
1385,TX001386,AC00292,M090,23.01,travel,Debit,D000363,30.0,1,63,5958.75,166,1686335,18,4,13660,0
1386,TX001387,AC00024,M070,69.28,digital_goods,Debit,D000379,30.0,1,25,708.74,129,1698683,16,0,26008,0
1387,TX001388,AC00441,M044,51.25,travel,Credit,D000113,30.0,1,28,1744.4,66,1693325,16,1,20650,0
1388,TX001389,AC00412,M095,407.65,electronics,Debit,D000013,30.0,1,25,273.78,263,1691428,17,0,18753,0
1389,TX001390,AC00315,M043,459.25,travel,Debit,D000248,30.0,1,25,130.76,59,1684860,16,1,12185,0
1390,TX001391,AC00120,M011,301.56,travel,Debit,D000014,30.0,1,49,10389.6,118,1675964,17,3,3289,0
1391,TX001392,AC00462,M061,17.67,digital_goods,Debit,D000416,30.0,1,63,1048.18,91,1687888,17,1,15213,0
1392,TX001393,AC00481,M008,5.29,digital_goods,Credit,D000121,30.0,1,32,12896.68,132,1678731,18,0,6056,0
1393,TX001394,AC00166,M031,401.37,travel,Debit,D000404,30.0,1,43,8208.54,251,1695053,16,0,22378,0
1394,TX001395,AC00438,M044,145.4,digital_goods,Debit,D000069,30.0,1,38,5244.49,24,1688666,17,3,15991,0
1395,TX001396,AC00090,M031,556.34,digital_goods,Debit,D000377,30.0,1,37,11935.14,46,1697733,16,3,25058,0
1396,TX001397,AC00041,M094,34.31,electronics,Debit,D000353,30.0,1,24,1484.76,251,1682700,16,4,10025,0
1397,TX001398,AC00141,M058,780.59,digital_goods,Credit,D000451,30.0,1,23,6513.34,145,1687975,17,2,15300,0
1398,TX001399,AC00410,M012,282.65,electronics,Debit,D000626,30.0,1,35,13801.15,161,1678297,17,2,5622,0
1399,TX001400,AC00362,M059,305.27,digital_goods,Debit,D000657,30.0,1,68,12958.65,147,1695831,16,2,23156,0
1400,TX001401,AC00315,M033,185.81,digital_goods,Debit,D000696,30.0,1,32,9588.71,116,1695227,16,2,22552,0
1401,TX001402,AC00092,M042,66.01,digital_goods,Debit,D000317,30.0,1,49,3475.99,179,1696617,18,4,23942,0
1402,TX001403,AC00133,M002,447.95,travel,Debit,D000442,30.0,1,29,7544.4,75,1673458,17,2,783,0
1403,TX001404,AC00069,M079,279.3,electronics,Debit,D000674,30.0,1,19,1193.61,48,1687454,17,3,14779,0
1404,TX001405,AC00498,M096,26.75,digital_goods,Debit,D000537,30.0,1,33,12063.77,27,1683563,16,0,10888,0
1405,TX001406,AC00006,M009,611.15,electronics,Debit,D000044,30.0,1,27,892.83,121,1691773,17,4,19098,0
1406,TX001407,AC00104,M058,275.2,digital_goods,Debit,D000122,30.0,1,54,1230.12,81,1692897,17,3,20222,0
1407,TX001408,AC00311,M016,427.79,travel,Debit,D000018,30.0,1,18,1479.67,189,1677001,17,1,4326,0
1408,TX001409,AC00144,M009,469.13,electronics,Credit,D000501,30.0,1,54,1265.28,139,1701712,17,0,29037,0
1409,TX001410,AC00157,M074,102.81,travel,Debit,D000076,30.0,1,76,3228.87,47,1701706,16,0,29031,0
1410,TX001411,AC00171,M099,22.61,digital_goods,Debit,D000255,30.0,1,19,1111.67,145,1703181,17,3,30506,0
1411,TX001412,AC00374,M100,68.28,digital_goods,Debit,D000649,30.0,1,56,3213.16,293,1686250,18,3,13575,0
1412,TX001413,AC00219,M067,33.65,digital_goods,Credit,D000470,30.0,1,63,12719.93,146,1695057,17,0,22382,0
1413,TX001414,AC00405,M014,362.68,electronics,Credit,D000280,30.0,1,63,2040.77,137,1673892,18,0,1217,0
1414,TX001415,AC00075,M090,73.23,travel,Debit,D000128,30.0,1,20,1309.85,172,1687538,16,4,14863,0
1415,TX001416,AC00136,M060,654.49,digital_goods,Credit,D000380,30.0,1,25,164.61,104,1700497,16,0,27822,0
1416,TX001417,AC00056,M094,18.56,travel,Credit,D000189,30.0,1,49,4230.37,161,1682355,17,0,9680,0
1417,TX001418,AC00368,M075,389.05,electronics,Debit,D000379,30.0,1,27,761.0,41,1673026,17,4,351,0
1418,TX001419,AC00261,M076,7.38,digital_goods,Debit,D000011,30.0,1,67,2923.83,105,1678898,16,2,6223,0
1419,TX001420,AC00090,M008,109.48,digital_goods,Debit,D000122,30.0,1,61,7372.47,93,1687801,17,0,15126,0
1420,TX001421,AC00297,M047,66.91,electronics,Debit,D000509,30.0,1,39,871.1,85,1675104,18,0,2429,0
1421,TX001422,AC00144,M040,335.48,travel,Debit,D000211,30.0,1,45,3023.16,155,1677773,16,3,5098,0
1422,TX001423,AC00207,M026,38.14,digital_goods,Debit,D000572,30.0,1,19,1119.21,174,1703782,16,3,31107,0
1423,TX001424,AC00443,M090,1076.98,travel,Debit,D000474,30.0,1,60,11833.73,173,1703095,18,2,30420,0
1424,TX001425,AC00179,M004,360.02,digital_goods,Debit,D000072,30.0,1,68,6400.59,68,1675960,16,3,3285,0
1425,TX001426,AC00175,M086,567.71,digital_goods,Debit,D000605,30.0,1,63,13884.24,80,1675708,18,0,3033,0
1426,TX001427,AC00386,M078,218.19,electronics,Debit,D000626,30.0,1,19,620.83,185,1684859,16,1,12184,0
1427,TX001428,AC00067,M014,209.99,electronics,Debit,D000381,30.0,1,19,1938.01,40,1694107,17,3,21432,0
1428,TX001429,AC00369,M008,11.02,travel,Debit,D000320,30.0,1,19,964.79,280,1699893,16,0,27218,0
1429,TX001430,AC00257,M012,83.43,digital_goods,Debit,D000627,30.0,1,56,1870.16,109,1685464,16,1,12789,0
1430,TX001431,AC00059,M050,344.97,digital_goods,Debit,D000264,30.0,1,34,5577.94,106,1679333,17,0,6658,0
1431,TX001432,AC00341,M034,172.29,electronics,Debit,D000474,30.0,1,36,8700.8,283,1675099,17,0,2424,0
1432,TX001433,AC00357,M039,195.54,digital_goods,Debit,D000144,30.0,1,60,2794.66,255,1689609,16,0,16934,0
1433,TX001434,AC00455,M015,101.23,digital_goods,Debit,D000696,30.0,1,45,6169.71,87,1691174,18,4,18499,0
1434,TX001435,AC00346,M001,180.46,electronics,Debit,D000456,30.0,1,25,831.75,34,1678724,16,0,6049,0
1435,TX001436,AC00118,M058,692.55,travel,Debit,D000577,30.0,1,53,2451.56,109,1678207,16,1,5532,0
1436,TX001437,AC00275,M005,147.31,digital_goods,Credit,D000059,30.0,1,34,13625.52,92,1686589,17,0,13914,0
1437,TX001438,AC00028,M058,107.48,travel,Debit,D000624,30.0,1,20,1379.39,103,1675791,17,1,3116,0
1438,TX001439,AC00179,M012,1831.02,digital_goods,Credit,D000246,30.0,1,62,11498.01,83,1694799,17,4,22124,0
1439,TX001440,AC00090,M059,81.51,travel,Debit,D000079,30.0,1,25,865.49,97,1691683,16,3,19008,0
1440,TX001441,AC00367,M082,365.48,digital_goods,Credit,D000310,30.0,1,76,7147.4,216,1684778,17,0,12103,0
1441,TX001442,AC00441,M067,491.1,digital_goods,Credit,D000408,30.0,1,35,7833.85,125,1685981,16,0,13306,0
1442,TX001443,AC00266,M034,452.8,travel,Debit,D000527,30.0,1,80,4840.67,151,1700844,16,4,28169,0
1443,TX001444,AC00072,M014,645.04,travel,Debit,D000515,30.0,1,70,7361.47,78,1703264,17,4,30589,0
1444,TX001445,AC00245,M057,169.28,travel,Debit,D000227,30.0,1,45,5128.44,114,1679940,18,0,7265,0
1445,TX001446,AC00119,M096,88.42,electronics,Debit,D000443,30.0,1,62,12381.45,91,1697646,16,2,24971,0
1446,TX001447,AC00061,M041,155.53,electronics,Debit,D000507,30.0,1,29,4008.05,66,1679677,17,4,7002,0
1447,TX001448,AC00080,M042,991.82,digital_goods,Debit,D000496,30.0,1,43,3493.13,300,1701706,16,0,29031,0
1448,TX001449,AC00254,M095,39.24,electronics,Debit,D000164,30.0,1,77,6462.41,106,1699986,18,1,27311,0
1449,TX001450,AC00218,M095,152.01,electronics,Debit,D000407,30.0,3,42,4625.12,111,1677170,16,3,4495,0
1450,TX001451,AC00268,M085,78.77,electronics,Credit,D000301,30.0,1,48,6470.57,50,1683571,18,0,10896,0
1451,TX001452,AC00460,M063,26.5,digital_goods,Debit,D000175,30.0,1,48,4854.83,179,1675874,16,2,3199,0
1452,TX001453,AC00257,M069,83.62,electronics,Debit,D000554,30.0,1,48,12652.22,146,1687454,17,3,14779,0
1453,TX001454,AC00398,M021,142.78,travel,Debit,D000499,30.0,1,68,11705.88,150,1683650,16,1,10975,0
1454,TX001455,AC00162,M037,55.99,electronics,Debit,D000525,30.0,1,35,932.61,95,1699892,16,0,27217,0
1455,TX001456,AC00015,M013,774.48,travel,Debit,D000233,30.0,1,61,11613.58,31,1678119,16,0,5444,0
1456,TX001457,AC00462,M043,105.37,electronics,Debit,D000327,30.0,1,25,1068.55,160,1683829,18,3,11154,0
1457,TX001458,AC00218,M039,118.83,digital_goods,Debit,D000321,30.0,1,28,1616.3,295,1687795,16,0,15120,0
1458,TX001459,AC00217,M049,46.22,travel,Debit,D000638,30.0,1,23,471.28,217,1699893,16,0,27218,0
1459,TX001460,AC00460,M052,659.71,travel,Credit,D000095,30.0,1,21,106.86,148,1683303,16,4,10628,0
1460,TX001461,AC00068,M028,377.97,digital_goods,Debit,D000195,30.0,1,72,2457.1,160,1700239,16,4,27564,0
1461,TX001462,AC00214,M024,114.1,travel,Debit,D000275,30.0,1,69,5882.12,148,1684777,17,0,12102,0
1462,TX001463,AC00266,M044,11.3,digital_goods,Credit,D000528,30.0,1,55,1938.99,41,1701448,16,4,28773,0
1463,TX001464,AC00193,M031,95.5,digital_goods,Debit,D000362,30.0,1,57,4079.09,17,1684772,16,0,12097,0
1464,TX001465,AC00132,M061,130.93,travel,Credit,D000417,30.0,1,28,860.12,149,1675875,16,2,3200,0
1465,TX001466,AC00241,M033,272.97,digital_goods,Debit,D000638,30.0,1,68,7811.31,174,1681756,18,0,9081,0
1466,TX001467,AC00015,M093,73.35,travel,Debit,D000340,30.0,1,24,1181.84,47,1678725,16,0,6050,0
1467,TX001468,AC00352,M063,29.94,electronics,Debit,D000266,30.0,1,58,10915.54,243,1697214,16,4,24539,0
1468,TX001469,AC00396,M096,307.24,electronics,Debit,D000584,30.0,2,19,1670.72,136,1698941,16,3,26266,0
1469,TX001470,AC00174,M029,50.52,digital_goods,Debit,D000377,30.0,1,20,1121.19,140,1697473,16,0,24798,0
1470,TX001471,AC00024,M041,820.46,digital_goods,Credit,D000185,30.0,1,53,5621.86,243,1680538,16,0,7863,0
1471,TX001472,AC00250,M034,153.07,electronics,Debit,D000503,30.0,1,56,8873.43,116,1680547,18,0,7872,0
1472,TX001473,AC00373,M052,52.94,travel,Debit,D000160,30.0,1,41,6990.92,146,1686591,17,0,13916,0
1473,TX001474,AC00030,M093,384.41,electronics,Debit,D000289,30.0,1,60,7831.56,65,1681750,16,0,9075,0
1474,TX001475,AC00422,M060,235.42,travel,Debit,D000424,30.0,1,51,6173.23,175,1689014,18,0,16339,0
1475,TX001476,AC00229,M089,114.23,electronics,Debit,D000213,30.0,1,56,9523.72,64,1686159,17,2,13484,0
1476,TX001477,AC00002,M068,12.62,travel,Debit,D000475,30.0,1,33,6420.47,61,1683304,16,4,10629,0
1477,TX001478,AC00227,M053,997.37,electronics,Debit,D000629,30.0,1,23,1146.09,145,1703269,18,4,30594,0
1478,TX001479,AC00393,M026,373.52,electronics,Debit,D000673,30.0,1,35,6430.41,235,1695659,16,0,22984,0
1479,TX001480,AC00042,M019,336.05,travel,Debit,D000044,30.0,1,28,1635.05,164,1682356,17,0,9681,0
1480,TX001481,AC00111,M078,366.93,digital_goods,Debit,D000697,30.0,1,66,6697.79,33,1702320,18,0,29645,0
1481,TX001482,AC00178,M007,112.27,travel,Debit,D000690,30.0,1,58,7369.89,102,1697736,17,3,25061,0
1482,TX001483,AC00218,M067,494.96,electronics,Debit,D000320,30.0,1,40,6903.68,132,1680280,16,4,7605,0
1483,TX001484,AC00198,M022,561.58,digital_goods,Debit,D000229,30.0,1,65,11748.86,23,1687541,17,4,14866,0
1484,TX001485,AC00060,M008,440.94,digital_goods,Debit,D000133,30.0,1,42,7303.23,148,1694630,18,2,21955,0
1485,TX001486,AC00397,M013,71.9,travel,Debit,D000553,30.0,1,29,10619.35,51,1676910,16,0,4235,0
1486,TX001487,AC00338,M045,256.66,digital_goods,Credit,D000377,30.0,1,54,1794.5,137,1689613,17,0,16938,0
1487,TX001488,AC00101,M065,166.55,travel,Credit,D000386,30.0,1,59,12970.21,99,1689270,17,3,16595,0
1488,TX001489,AC00384,M024,276.26,travel,Debit,D000307,30.0,1,56,120.89,143,1676307,17,0,3632,0
1489,TX001490,AC00368,M073,35.46,electronics,Debit,D000674,30.0,1,67,5692.31,164,1689698,16,1,17023,0
1490,TX001491,AC00233,M072,38.14,travel,Debit,D000016,30.0,1,50,9879.87,165,1680884,16,4,8209,0
1491,TX001492,AC00375,M014,506.26,electronics,Credit,D000670,30.0,1,64,6266.65,86,1702923,18,0,30248,0
1492,TX001493,AC00277,M054,736.32,digital_goods,Debit,D000503,30.0,1,31,14268.95,28,1681319,17,2,8644,0
1493,TX001494,AC00202,M005,389.43,electronics,Credit,D000485,30.0,1,52,6449.83,151,1701108,18,0,28433,0
1494,TX001495,AC00142,M048,25.58,electronics,Debit,D000083,30.0,1,60,6741.41,166,1700152,16,3,27477,0
1495,TX001496,AC00178,M068,446.1,electronics,Debit,D000444,30.0,1,25,1008.44,243,1695145,17,1,22470,0
1496,TX001497,AC00130,M034,147.74,travel,Debit,D000064,30.0,1,23,1711.78,15,1693932,16,1,21257,0
1497,TX001498,AC00018,M034,1228.81,electronics,Debit,D000381,30.0,1,26,1821.0,254,1676910,16,0,4235,0
1498,TX001499,AC00293,M015,46.23,digital_goods,Debit,D000350,30.0,1,77,5107.75,282,1685382,17,0,12707,0
1499,TX001500,AC00449,M013,265.37,travel,Debit,D000633,30.0,1,33,5229.95,77,1685123,17,4,12448,0
1500,TX001501,AC00496,M100,342.57,digital_goods,Debit,D000345,30.0,1,20,339.16,91,1675444,17,4,2769,0
1501,TX001502,AC00370,M049,417.26,digital_goods,Credit,D000183,30.0,1,32,10442.48,45,1677517,17,0,4842,0
1502,TX001503,AC00341,M024,33.63,digital_goods,Debit,D000556,30.0,1,63,4324.4,76,1699030,16,4,26355,0
1503,TX001504,AC00400,M056,64.58,travel,Debit,D000647,30.0,1,55,6292.29,173,1701713,18,0,29038,0
1504,TX001505,AC00301,M064,23.23,travel,Credit,D000573,30.0,1,21,269.01,122,1682008,16,3,9333,0
1505,TX001506,AC00249,M034,160.52,electronics,Credit,D000254,30.0,1,78,5379.25,112,1691424,16,0,18749,0
1506,TX001507,AC00239,M001,278.88,travel,Debit,D000350,30.0,2,64,1334.09,179,1696006,16,4,23331,0
1507,TX001508,AC00419,M071,285.49,travel,Credit,D000498,30.0,1,53,6366.84,109,1691779,18,4,19104,0
1508,TX001509,AC00435,M057,71.87,electronics,Debit,D000039,30.0,1,22,1839.1,258,1673892,18,0,1217,0
1509,TX001510,AC00012,M018,308.8,electronics,Debit,D000256,30.0,1,53,3966.54,41,1703606,16,1,30931,0
1510,TX001511,AC00438,M098,135.35,travel,Debit,D000219,30.0,1,33,9983.36,82,1690569,18,4,17894,0
1511,TX001512,AC00345,M075,288.43,travel,Debit,D000136,30.0,1,66,4577.09,72,1683563,16,0,10888,0
1512,TX001513,AC00026,M071,147.46,digital_goods,Credit,D000380,30.0,1,65,7458.03,205,1697129,16,3,24454,0
1513,TX001514,AC00416,M064,214.15,travel,Debit,D000531,30.0,1,32,6397.29,217,1698685,17,0,26010,0
1514,TX001515,AC00272,M021,71.34,digital_goods,Debit,D000256,30.0,3,49,6345.03,144,1693238,16,0,20563,0
1515,TX001516,AC00468,M091,170.36,electronics,Debit,D000225,30.0,1,30,6034.73,118,1679936,16,0,7261,0
1516,TX001517,AC00040,M009,965.66,electronics,Debit,D000244,30.0,1,53,765.81,32,1702920,17,0,30245,0
1517,TX001518,AC00302,M065,736.53,electronics,Debit,D000548,30.0,1,55,9826.26,120,1683738,17,2,11063,0
1518,TX001519,AC00271,M052,213.42,electronics,Debit,D000536,30.0,1,45,3736.38,17,1690479,17,3,17804,0
1519,TX001520,AC00495,M042,94.09,travel,Debit,D000429,30.0,1,27,646.85,203,1694536,16,1,21861,0
1520,TX001521,AC00246,M003,91.23,electronics,Debit,D000184,30.0,1,72,6385.12,86,1684167,16,0,11492,0
1521,TX001522,AC00139,M074,263.92,travel,Credit,D000568,30.0,1,57,4161.71,233,1690394,17,2,17719,0
1522,TX001523,AC00298,M061,77.5,digital_goods,Credit,D000333,30.0,1,51,11079.77,201,1684860,16,1,12185,0
1523,TX001524,AC00246,M098,3.65,digital_goods,Debit,D000115,30.0,1,69,10017.11,146,1676310,17,0,3635,0
1524,TX001525,AC00323,M038,43.88,digital_goods,Credit,D000349,30.0,1,26,1644.09,251,1699897,17,0,27222,0
1525,TX001526,AC00310,M069,591.98,electronics,Debit,D000560,30.0,1,28,387.65,132,1682699,16,4,10024,0
1526,TX001527,AC00083,M063,224.79,digital_goods,Debit,D000208,30.0,1,18,528.38,129,1692722,16,1,20047,0
1527,TX001528,AC00222,M015,64.3,electronics,Debit,D000084,30.0,1,55,7530.3,67,1693849,17,0,21174,0
1528,TX001529,AC00459,M056,111.79,digital_goods,Debit,D000530,30.0,1,62,10887.59,49,1703612,17,1,30937,0
1529,TX001530,AC00091,M013,927.16,electronics,Debit,D000385,30.0,1,59,7104.61,153,1679330,16,0,6655,0
1530,TX001531,AC00122,M055,613.7,travel,Credit,D000670,30.0,1,61,7307.11,37,1677087,17,2,4412,0
1531,TX001532,AC00432,M061,26.07,travel,Debit,D000552,30.0,3,20,349.98,19,1678986,17,3,6311,1
1532,TX001533,AC00218,M026,170.45,travel,Debit,D000560,30.0,1,60,2284.41,199,1672937,16,3,262,0
1533,TX001534,AC00294,M031,344.27,travel,Debit,D000172,30.0,1,22,1918.36,123,1695144,17,1,22469,0
1534,TX001535,AC00407,M033,872.72,digital_goods,Debit,D000559,30.0,1,22,503.01,288,1682354,16,0,9679,0
1535,TX001536,AC00480,M055,292.95,travel,Debit,D000456,30.0,1,37,1216.91,56,1676564,16,3,3889,0
1536,TX001537,AC00367,M047,28.44,electronics,Debit,D000176,30.0,1,18,1071.04,243,1693503,17,3,20828,0
1537,TX001538,AC00324,M008,209.02,electronics,Debit,D000599,30.0,1,21,187.9,74,1677863,17,4,5188,0
1538,TX001539,AC00253,M018,20.05,electronics,Debit,D000293,30.0,1,72,7145.67,171,1701279,17,2,28604,0
1539,TX001540,AC00344,M092,175.02,digital_goods,Debit,D000609,30.0,1,28,1493.88,71,1681143,16,0,8468,0
1540,TX001541,AC00153,M020,89.5,travel,Credit,D000014,30.0,1,41,8658.95,134,1692634,16,0,19959,0
1541,TX001542,AC00016,M060,69.96,travel,Debit,D000397,30.0,1,28,164.12,31,1697478,17,0,24803,0
1542,TX001543,AC00291,M097,146.51,electronics,Debit,D000575,30.0,1,53,7089.9,68,1674666,17,2,1991,0
1543,TX001544,AC00362,M061,376.78,digital_goods,Credit,D000602,30.0,1,21,841.65,88,1692033,17,0,19358,0
1544,TX001545,AC00202,M048,148.54,travel,Credit,D000156,30.0,1,71,5677.05,107,1703262,16,4,30587,0
1545,TX001546,AC00163,M065,388.77,digital_goods,Credit,D000215,30.0,1,26,1658.49,30,1702313,16,0,29638,0
1546,TX001547,AC00123,M060,100.38,travel,Debit,D000548,30.0,1,63,10171.68,49,1701107,17,0,28432,0
1547,TX001548,AC00054,M084,137.23,travel,Debit,D000207,30.0,1,64,13847.99,63,1680886,16,4,8211,0
1548,TX001549,AC00172,M003,870.3,electronics,Debit,D000200,30.0,1,51,3688.98,229,1693245,17,0,20570,0
1549,TX001550,AC00176,M076,458.94,travel,Debit,D000074,30.0,1,52,5619.95,180,1689703,18,1,17028,0
1550,TX001551,AC00093,M059,327.35,travel,Credit,D000531,30.0,1,20,342.08,175,1695667,18,0,22992,0
1551,TX001552,AC00310,M085,757.15,digital_goods,Debit,D000463,30.0,1,53,4702.86,38,1673974,16,1,1299,0
1552,TX001553,AC00127,M064,5.64,digital_goods,Debit,D000691,30.0,1,59,12703.24,47,1678294,16,2,5619,0
1553,TX001554,AC00286,M034,47.23,digital_goods,Credit,D000031,30.0,1,73,6659.81,160,1691086,18,3,18411,0
1554,TX001555,AC00497,M064,239.41,digital_goods,Credit,D000693,30.0,1,42,7860.65,248,1698859,17,2,26184,0
1555,TX001556,AC00475,M025,7.48,electronics,Debit,D000596,30.0,1,55,1275.2,29,1688402,16,0,15727,0
1556,TX001557,AC00470,M044,170.97,travel,Debit,D000259,30.0,1,26,1265.27,292,1682960,17,0,10285,0
1557,TX001558,AC00245,M046,262.43,digital_goods,Credit,D000365,30.0,5,37,12841.01,274,1686677,17,1,14002,0
1558,TX001559,AC00480,M014,659.15,electronics,Debit,D000202,30.0,1,22,1241.59,204,1675180,16,1,2505,0
1559,TX001560,AC00011,M095,31.53,digital_goods,Debit,D000328,30.0,1,25,874.93,283,1703092,17,2,30417,0
1560,TX001561,AC00362,M068,111.66,digital_goods,Credit,D000384,30.0,1,48,5716.72,140,1686161,18,2,13486,0
1561,TX001562,AC00015,M057,250.01,electronics,Debit,D000191,30.0,1,62,1541.48,88,1699288,16,0,26613,0
1562,TX001563,AC00112,M066,554.15,electronics,Debit,D000087,30.0,1,49,14817.22,108,1681838,17,1,9163,0
1563,TX001564,AC00057,M032,598.66,travel,Credit,D000316,30.0,1,32,2587.11,222,1673369,16,1,694,0
1564,TX001565,AC00393,M083,28.38,travel,Debit,D000700,30.0,1,55,173.7,98,1684427,16,3,11752,0
1565,TX001566,AC00233,M021,16.8,electronics,Debit,D000426,30.0,1,49,11847.07,94,1701104,17,0,28429,0
1566,TX001567,AC00466,M087,896.79,digital_goods,Debit,D000582,30.0,1,33,11146.74,168,1699288,16,0,26613,0
1567,TX001568,AC00453,M059,159.0,electronics,Debit,D000545,30.0,1,49,369.79,38,1678125,18,0,5450,0
1568,TX001569,AC00203,M042,56.31,digital_goods,Credit,D000038,30.0,1,75,6396.08,195,1695837,17,2,23162,0
1569,TX001570,AC00228,M073,203.99,digital_goods,Debit,D000007,30.0,1,52,4840.31,215,1674232,16,4,1557,0
1570,TX001571,AC00131,M003,50.99,travel,Debit,D000217,30.0,1,29,1334.6,76,1698770,16,1,26095,0
1571,TX001572,AC00247,M023,101.28,digital_goods,Credit,D000506,30.0,1,32,2774.35,75,1692814,18,2,20139,0
1572,TX001573,AC00425,M007,299.92,electronics,Debit,D000197,30.0,1,27,1368.0,122,1696876,18,0,24201,0
1573,TX001574,AC00123,M095,77.54,digital_goods,Debit,D000352,30.0,1,67,4536.38,73,1675271,17,2,2596,0
1574,TX001575,AC00139,M035,18.35,travel,Debit,D000685,30.0,1,21,1293.39,78,1695055,16,0,22380,0
1575,TX001576,AC00379,M066,732.53,electronics,Credit,D000677,30.0,1,26,441.54,116,1684774,16,0,12099,0
1576,TX001577,AC00059,M026,65.11,electronics,Debit,D000204,30.0,1,34,8485.14,150,1694105,16,3,21430,0
1577,TX001578,AC00233,M048,67.07,electronics,Credit,D000038,30.0,1,24,999.62,56,1685982,16,0,13307,0
1578,TX001579,AC00007,M058,137.48,travel,Debit,D000206,30.0,1,55,14273.42,47,1701106,17,0,28431,0
1579,TX001580,AC00028,M006,398.36,electronics,Debit,D000022,30.0,1,22,1863.7,56,1687884,16,1,15209,0
1580,TX001581,AC00428,M068,469.46,electronics,Debit,D000465,30.0,1,20,8640.56,149,1699467,18,2,26792,0
1581,TX001582,AC00242,M051,37.58,electronics,Debit,D000047,30.0,1,57,259.44,182,1681755,18,0,9080,0
1582,TX001583,AC00447,M019,160.24,electronics,Debit,D000378,30.0,1,31,5526.97,15,1691514,17,1,18839,0
1583,TX001584,AC00081,M008,315.39,travel,Credit,D000066,30.0,1,23,929.6,93,1685119,16,4,12444,0
1584,TX001585,AC00358,M010,434.17,electronics,Debit,D000238,30.0,5,21,5335.44,148,1672936,16,3,261,0
1585,TX001586,AC00254,M084,165.91,electronics,Debit,D000574,30.0,1,26,587.12,84,1678902,17,2,6227,0
1586,TX001587,AC00241,M020,211.36,travel,Debit,D000039,30.0,1,47,4760.34,194,1694711,17,3,22036,0
1587,TX001588,AC00140,M026,241.45,digital_goods,Debit,D000435,30.0,1,26,1594.04,158,1690214,16,0,17539,0
1588,TX001589,AC00132,M054,23.24,travel,Debit,D000569,30.0,1,68,13777.79,129,1681404,16,3,8729,0
1589,TX001590,AC00035,M087,70.88,travel,Credit,D000315,30.0,1,74,1794.65,176,1701706,16,0,29031,0
1590,TX001591,AC00172,M048,1143.67,digital_goods,Debit,D000056,30.0,1,66,7677.76,111,1698682,16,0,26007,0
1591,TX001592,AC00016,M057,314.52,electronics,Debit,D000361,30.0,1,80,7071.32,229,1679332,17,0,6657,0
1592,TX001593,AC00382,M026,181.81,digital_goods,Credit,D000409,30.0,1,78,7525.73,122,1685376,16,0,12701,0
1593,TX001594,AC00413,M038,854.64,travel,Debit,D000445,30.0,1,56,2989.25,118,1699383,18,1,26708,0
1594,TX001595,AC00297,M078,261.19,electronics,Debit,D000608,30.0,1,64,7620.6,52,1673543,17,3,868,0
1595,TX001596,AC00207,M050,220.68,digital_goods,Credit,D000311,30.0,1,71,5549.2,217,1696875,18,0,24200,0
1596,TX001597,AC00411,M054,11.86,travel,Debit,D000165,30.0,1,31,6782.61,129,1693932,16,1,21257,0
1597,TX001598,AC00105,M039,122.65,digital_goods,Debit,D000253,30.0,1,28,1968.51,41,1692289,16,3,19614,0
1598,TX001599,AC00002,M059,395.16,digital_goods,Debit,D000269,30.0,1,56,5340.73,17,1690215,16,0,17540,0
1599,TX001600,AC00410,M089,704.69,digital_goods,Debit,D000451,30.0,1,51,3267.84,150,1689700,17,1,17025,0
1600,TX001601,AC00492,M083,369.89,electronics,Debit,D000042,30.0,1,69,6941.47,69,1697647,16,2,24972,0
1601,TX001602,AC00095,M090,10.92,electronics,Debit,D000383,30.0,1,67,7567.2,268,1697824,17,4,25149,0
1602,TX001603,AC00058,M005,199.14,travel,Debit,D000073,30.0,1,31,7001.25,36,1690997,17,2,18322,0
1603,TX001604,AC00405,M054,109.43,electronics,Debit,D000670,30.0,1,70,1983.65,140,1673460,18,2,785,0
1604,TX001605,AC00258,M010,304.15,travel,Debit,D000012,30.0,1,20,686.91,40,1701187,16,1,28512,0
1605,TX001606,AC00257,M009,620.54,travel,Credit,D000078,30.0,1,28,213.36,98,1679934,16,0,7259,0
1606,TX001607,AC00317,M034,757.79,digital_goods,Debit,D000032,30.0,1,22,1443.02,117,1672677,16,0,2,0
1607,TX001608,AC00409,M010,122.81,travel,Debit,D000419,30.0,1,52,8450.84,12,1698163,16,1,25488,0
1608,TX001609,AC00337,M040,96.25,digital_goods,Debit,D000359,30.0,1,61,7996.7,171,1690473,16,3,17798,0
1609,TX001610,AC00273,M075,1431.33,electronics,Debit,D000434,30.0,1,30,5567.98,49,1673977,17,1,1302,0
1610,TX001611,AC00056,M071,142.55,digital_goods,Debit,D000091,30.0,1,67,1262.68,97,1684255,16,1,11580,0
1611,TX001612,AC00259,M050,35.94,travel,Credit,D000187,30.0,1,23,1697.28,141,1683562,16,0,10887,0
1612,TX001613,AC00102,M007,24.86,travel,Debit,D000340,30.0,1,58,2591.65,292,1676307,16,0,3632,0
1613,TX001614,AC00165,M009,103.08,digital_goods,Debit,D000687,30.0,1,60,12002.16,109,1699978,16,1,27303,0
1614,TX001615,AC00455,M011,116.27,digital_goods,Debit,D000351,30.0,1,57,8726.92,94,1701194,18,1,28519,0
1615,TX001616,AC00030,M048,363.84,digital_goods,Debit,D000069,30.0,3,73,5415.64,118,1697737,17,3,25062,0
1616,TX001617,AC00114,M075,34.74,digital_goods,Credit,D000142,30.0,1,59,3736.57,72,1682697,16,4,10022,0
1617,TX001618,AC00331,M061,64.01,travel,Credit,D000051,30.0,1,19,1225.69,240,1698689,18,0,26014,0
1618,TX001619,AC00305,M097,108.75,electronics,Debit,D000081,30.0,4,50,14829.85,23,1697558,16,1,24883,1
1619,TX001620,AC00015,M089,50.9,digital_goods,Credit,D000549,30.0,1,28,1277.7,150,1682352,16,0,9677,0
1620,TX001621,AC00270,M010,206.84,travel,Debit,D000129,30.0,1,20,454.66,154,1694630,18,2,21955,0
1621,TX001622,AC00063,M012,37.4,electronics,Debit,D000348,30.0,1,20,1519.51,84,1690912,17,1,18237,0
1622,TX001623,AC00087,M083,154.21,digital_goods,Debit,D000549,30.0,1,46,8045.77,75,1672675,16,0,0,0
1623,TX001624,AC00130,M083,199.37,digital_goods,Debit,D000413,30.0,1,24,1331.3,79,1688060,17,3,15385,0
1624,TX001625,AC00324,M071,410.49,travel,Credit,D000364,30.0,1,25,1843.57,134,1690303,16,1,17628,0
1625,TX001626,AC00220,M096,1360.01,travel,Credit,D000582,30.0,1,67,6601.5,218,1695660,16,0,22985,0
1626,TX001627,AC00257,M064,18.23,electronics,Debit,D000187,30.0,1,56,8422.2,28,1679506,17,2,6831,0
1627,TX001628,AC00141,M006,398.7,electronics,Debit,D000426,30.0,1,47,7987.74,276,1693238,16,0,20563,0
1628,TX001629,AC00422,M071,122.14,digital_goods,Debit,D000381,30.0,1,22,327.68,155,1676910,16,0,4235,0
1629,TX001630,AC00334,M008,378.2,travel,Debit,D000588,30.0,1,40,7372.81,167,1673284,17,0,609,0
1630,TX001631,AC00175,M038,124.74,electronics,Debit,D000302,30.0,1,49,2987.97,33,1701102,16,0,28427,0
1631,TX001632,AC00380,M019,17.1,electronics,Debit,D000415,30.0,1,53,1619.54,101,1703523,16,0,30848,0
1632,TX001633,AC00118,M058,287.05,electronics,Debit,D000356,30.0,1,22,1204.65,212,1681488,16,4,8813,0
1633,TX001634,AC00196,M085,874.72,digital_goods,Debit,D000101,30.0,1,28,4630.58,173,1677860,16,4,5185,0
1634,TX001635,AC00358,M066,1762.28,electronics,Debit,D000008,30.0,1,24,1380.34,150,1696608,16,4,23933,0
1635,TX001636,AC00465,M016,40.12,electronics,Credit,D000203,30.0,1,36,14304.38,269,1681923,17,2,9248,0
1636,TX001637,AC00126,M046,125.0,digital_goods,Credit,D000617,30.0,1,49,3215.76,177,1685981,16,0,13306,0
1637,TX001638,AC00041,M034,348.44,digital_goods,Debit,D000668,30.0,1,24,1022.94,147,1699293,17,0,26618,0
1638,TX001639,AC00403,M065,128.4,electronics,Debit,D000514,30.0,1,69,2610.64,31,1679332,17,0,6657,0
1639,TX001640,AC00155,M026,320.93,digital_goods,Debit,D000268,30.0,1,55,9451.66,178,1687449,16,3,14774,0
1640,TX001641,AC00261,M084,1.41,electronics,Debit,D000344,30.0,1,53,1244.17,278,1686157,17,2,13482,0
1641,TX001642,AC00480,M065,50.52,travel,Debit,D000619,30.0,1,54,12815.24,293,1680797,16,3,8122,0
1642,TX001643,AC00291,M068,383.95,digital_goods,Credit,D000504,30.0,1,31,9933.56,143,1695232,17,2,22557,0
1643,TX001644,AC00154,M098,12.94,travel,Debit,D000364,30.0,1,23,921.23,158,1693242,17,0,20567,0
1644,TX001645,AC00106,M064,329.75,digital_goods,Debit,D000369,30.0,1,56,6009.43,211,1703525,17,0,30850,0
1645,TX001646,AC00378,M040,981.76,digital_goods,Debit,D000625,30.0,1,45,602.36,234,1695659,16,0,22984,0
1646,TX001647,AC00303,M061,40.79,electronics,Debit,D000405,30.0,1,18,1769.33,80,1700239,16,4,27564,0
1647,TX001648,AC00004,M048,99.25,digital_goods,Credit,D000524,30.0,1,63,2570.34,93,1687798,16,0,15123,0
1648,TX001649,AC00157,M080,150.6,electronics,Debit,D000339,30.0,1,69,3240.14,59,1681753,17,0,9078,0
1649,TX001650,AC00434,M008,29.5,digital_goods,Debit,D000451,30.0,1,73,1229.32,129,1689877,18,3,17202,0
1650,TX001651,AC00438,M035,54.34,electronics,Debit,D000582,30.0,1,65,8019.89,46,1703527,18,0,30852,0
1651,TX001652,AC00279,M076,18.25,electronics,Debit,D000179,30.0,1,53,14328.29,18,1692204,16,2,19529,0
1652,TX001653,AC00458,M067,633.87,digital_goods,Debit,D000594,30.0,1,27,330.16,175,1702051,16,4,29376,0
1653,TX001654,AC00166,M059,81.15,electronics,Debit,D000311,30.0,1,19,1595.26,114,1676651,16,4,3976,0
1654,TX001655,AC00129,M015,83.95,digital_goods,Debit,D000288,30.0,1,75,7413.18,170,1686759,16,2,14084,0
1655,TX001656,AC00292,M021,410.4,electronics,Credit,D000534,30.0,1,61,2563.91,78,1684512,16,4,11837,0
1656,TX001657,AC00185,M031,172.68,electronics,Debit,D000371,30.0,1,33,10724.95,17,1676909,16,0,4234,0
1657,TX001658,AC00498,M024,139.88,electronics,Debit,D000535,30.0,1,34,2969.71,162,1674489,16,0,1814,0
1658,TX001659,AC00171,M061,165.55,travel,Debit,D000639,30.0,1,28,761.78,115,1696270,18,0,23595,0
1659,TX001660,AC00456,M072,53.79,electronics,Credit,D000199,30.0,3,54,6229.36,137,1701792,16,1,29117,0
1660,TX001661,AC00459,M064,285.69,electronics,Debit,D000132,30.0,1,63,2552.54,35,1701886,18,2,29211,0
1661,TX001662,AC00090,M027,532.4,electronics,Debit,D000096,30.0,1,22,1033.73,149,1692895,16,3,20220,0
1662,TX001663,AC00289,M011,293.85,digital_goods,Debit,D000460,30.0,1,25,1919.97,144,1691684,16,3,19009,0
1663,TX001664,AC00063,M093,27.94,travel,Debit,D000003,30.0,1,79,1893.44,120,1699037,18,4,26362,0
1664,TX001665,AC00394,M044,270.36,electronics,Debit,D000037,30.0,1,25,1783.04,37,1677862,16,4,5187,0
1665,TX001666,AC00241,M049,112.66,digital_goods,Debit,D000602,30.0,3,29,852.98,176,1695054,16,0,22379,0
1666,TX001667,AC00296,M100,506.03,travel,Debit,D000669,30.0,1,21,1123.89,21,1689178,16,2,16503,0
1667,TX001668,AC00495,M084,206.95,travel,Debit,D000603,30.0,1,22,1817.65,31,1691079,16,3,18404,0
1668,TX001669,AC00368,M046,350.96,electronics,Debit,D000458,30.0,1,63,5463.94,167,1686241,16,3,13566,0
1669,TX001670,AC00017,M018,261.63,travel,Debit,D000622,30.0,1,20,477.03,150,1685384,18,0,12709,0
1670,TX001671,AC00458,M088,46.12,travel,Debit,D000527,30.0,1,59,8874.01,30,1685986,17,0,13311,0
1671,TX001672,AC00335,M082,27.25,travel,Credit,D000335,30.0,1,63,5365.2,92,1679328,16,0,6653,0
1672,TX001673,AC00344,M073,1353.93,travel,Debit,D000681,30.0,1,26,7858.41,171,1700069,17,2,27394,0
1673,TX001674,AC00002,M040,331.66,electronics,Debit,D000041,30.0,1,76,7216.3,145,1694454,17,0,21779,0
1674,TX001675,AC00285,M027,667.95,electronics,Credit,D000250,30.0,1,62,13558.56,253,1690480,17,3,17805,0
1675,TX001676,AC00091,M095,49.84,electronics,Debit,D000290,30.0,1,49,7872.04,146,1697213,16,4,24538,0
1676,TX001677,AC00399,M022,556.04,electronics,Debit,D000190,30.0,1,72,5200.04,27,1689007,16,0,16332,0
1677,TX001678,AC00133,M016,88.06,digital_goods,Credit,D000515,30.0,1,18,1779.85,288,1698429,17,4,25754,0
1678,TX001679,AC00322,M028,745.95,electronics,Debit,D000688,30.0,1,58,13264.14,127,1702658,16,4,29983,0
1679,TX001680,AC00247,M013,67.25,digital_goods,Debit,D000413,30.0,1,19,467.4,157,1688402,16,0,15727,0
1680,TX001681,AC00332,M096,93.63,electronics,Debit,D000532,30.0,1,29,9873.62,141,1692641,18,0,19966,0
1681,TX001682,AC00230,M011,74.11,travel,Debit,D000547,30.0,1,22,1257.9,49,1689696,16,1,17021,0
1682,TX001683,AC00019,M030,41.13,travel,Credit,D000655,30.0,1,77,6067.54,58,1679939,17,0,7264,0
1683,TX001684,AC00446,M025,192.02,digital_goods,Credit,D000413,30.0,1,79,5169.07,154,1703002,16,1,30327,0
1684,TX001685,AC00219,M097,291.27,travel,Debit,D000119,30.0,1,77,6878.86,121,1687197,17,0,14522,0
1685,TX001686,AC00050,M046,296.46,travel,Debit,D000287,30.0,1,23,558.99,136,1699546,16,3,26871,0
1686,TX001687,AC00449,M026,341.84,travel,Credit,D000547,30.0,1,27,1400.04,89,1687536,16,4,14861,0
1687,TX001688,AC00426,M052,98.41,digital_goods,Debit,D000187,30.0,1,27,912.71,48,1686589,17,0,13914,0
1688,TX001689,AC00354,M082,109.28,digital_goods,Debit,D000047,30.0,4,36,6338.35,112,1686327,16,4,13652,0
1689,TX001690,AC00313,M057,27.51,digital_goods,Credit,D000250,30.0,1,40,13645.63,103,1695233,18,2,22558,0
1690,TX001691,AC00442,M088,12.18,travel,Debit,D000326,30.0,1,76,4909.24,77,1682016,18,3,9341,0
1691,TX001692,AC00318,M066,207.71,digital_goods,Credit,D000377,30.0,1,25,570.1,63,1700156,17,3,27481,0
1692,TX001693,AC00232,M078,25.77,digital_goods,Credit,D000026,30.0,1,45,11749.77,277,1689614,17,0,16939,0
1693,TX001694,AC00424,M049,127.57,electronics,Debit,D000406,30.0,1,52,6118.2,75,1677518,17,0,4843,0
1694,TX001695,AC00393,M099,392.05,electronics,Debit,D000411,30.0,1,60,4383.69,172,1687192,16,0,14517,0
1695,TX001696,AC00175,M041,521.01,travel,Credit,D000205,30.0,1,41,4004.55,73,1697219,17,4,24544,0
1696,TX001697,AC00108,M023,849.76,electronics,Debit,D000690,30.0,1,25,373.88,269,1692203,16,2,19528,0
1697,TX001698,AC00067,M065,172.5,digital_goods,Debit,D000635,30.0,1,68,6851.16,31,1699978,16,1,27303,0
1698,TX001699,AC00356,M090,265.44,electronics,Debit,D000341,30.0,1,30,9700.77,169,1673973,16,1,1298,0
1699,TX001700,AC00244,M044,152.34,travel,Debit,D000128,30.0,1,55,6853.51,115,1697130,17,3,24455,0
1700,TX001701,AC00244,M090,21.13,travel,Debit,D000549,30.0,1,28,948.7,153,1682439,16,1,9764,0
1701,TX001702,AC00411,M039,111.55,electronics,Debit,D000632,30.0,1,46,12221.17,101,1703780,16,3,31105,0
1702,TX001703,AC00294,M049,321.82,travel,Credit,D000518,30.0,1,32,6500.5,43,1689351,16,4,16676,0
1703,TX001704,AC00205,M026,1294.81,travel,Credit,D000489,30.0,1,45,9927.75,279,1702313,16,0,29638,0
1704,TX001705,AC00155,M083,148.77,travel,Debit,D000179,30.0,1,67,2138.42,175,1680200,18,3,7525,0
1705,TX001706,AC00305,M059,14.08,travel,Debit,D000447,30.0,1,57,3908.65,154,1675707,18,0,3032,0
1706,TX001707,AC00048,M030,1283.97,electronics,Debit,D000340,30.0,1,42,11041.9,121,1691602,17,2,18927,0
1707,TX001708,AC00366,M065,566.33,electronics,Credit,D000603,30.0,1,24,379.82,66,1691426,16,0,18751,0
1708,TX001709,AC00185,M046,206.51,electronics,Debit,D000354,30.0,1,51,3921.74,275,1702919,17,0,30244,0
1709,TX001710,AC00215,M028,180.94,travel,Debit,D000456,30.0,1,75,7659.99,57,1690216,16,0,17541,0
1710,TX001711,AC00283,M071,77.9,travel,Debit,D000616,30.0,1,21,664.72,128,1703526,17,0,30851,0
1711,TX001712,AC00197,M037,318.92,travel,Credit,D000264,30.0,1,21,1167.25,60,1684522,18,4,11847,0
1712,TX001713,AC00390,M094,583.3,digital_goods,Credit,D000330,30.0,1,59,5896.01,142,1675441,16,4,2766,0
1713,TX001714,AC00320,M022,100.68,digital_goods,Debit,D000484,30.0,1,63,1123.75,139,1673541,16,3,866,0
1714,TX001715,AC00020,M050,589.64,digital_goods,Debit,D000443,30.0,1,62,2039.4,210,1695312,16,3,22637,0
1715,TX001716,AC00500,M097,225.93,travel,Credit,D000142,30.0,1,25,1864.27,199,1678730,17,0,6055,0
1716,TX001717,AC00289,M043,651.55,digital_goods,Debit,D000344,30.0,1,72,2325.78,82,1678469,17,4,5794,0
1717,TX001718,AC00121,M026,80.97,digital_goods,Debit,D000255,30.0,1,38,5926.31,157,1673285,17,0,610,0
1718,TX001719,AC00023,M041,191.89,travel,Debit,D000004,30.0,1,25,399.57,14,1687883,16,1,15208,0
1719,TX001720,AC00490,M096,304.75,travel,Credit,D000499,30.0,1,78,1916.34,125,1677514,16,0,4839,0
1720,TX001721,AC00197,M007,201.53,digital_goods,Debit,D000645,30.0,1,68,2732.86,287,1699288,16,0,26613,0
1721,TX001722,AC00494,M022,8.45,electronics,Debit,D000194,30.0,1,22,1115.3,141,1676051,17,4,3376,0
1722,TX001723,AC00193,M099,435.98,travel,Debit,D000282,30.0,1,30,7334.08,105,1697128,16,3,24453,0
1723,TX001724,AC00451,M084,743.24,digital_goods,Credit,D000256,30.0,1,19,1024.19,109,1688751,17,4,16076,0
1724,TX001725,AC00261,M038,16.27,electronics,Debit,D000697,30.0,1,57,10971.32,44,1676311,17,0,3636,0
1725,TX001726,AC00246,M068,290.86,digital_goods,Debit,D000621,30.0,1,45,14631.88,36,1685987,17,0,13312,0
1726,TX001727,AC00120,M100,85.73,electronics,Debit,D000072,30.0,1,41,14928.35,266,1677686,16,2,5011,0
1727,TX001728,AC00189,M018,555.71,travel,Credit,D000343,30.0,1,22,830.37,73,1674495,17,0,1820,0
1728,TX001729,AC00499,M086,40.03,travel,Debit,D000210,30.0,1,23,6408.8,200,1673284,17,0,609,0
1729,TX001730,AC00287,M028,73.01,digital_goods,Credit,D000670,30.0,1,25,1997.33,62,1697653,18,2,24978,0
1730,TX001731,AC00087,M067,346.12,travel,Debit,D000150,30.0,1,44,13084.27,12,1703872,17,4,31197,0
1731,TX001732,AC00333,M030,1.93,travel,Debit,D000297,30.0,5,47,5684.09,175,1697738,18,3,25063,0
1732,TX001733,AC00423,M001,252.93,electronics,Debit,D000616,30.0,1,75,2760.37,222,1675699,16,0,3024,0
1733,TX001734,AC00108,M006,238.54,electronics,Debit,D000428,30.0,4,19,868.91,12,1680883,16,4,8208,1
1734,TX001735,AC00099,M074,1011.22,travel,Debit,D000037,30.0,1,61,5838.91,129,1692643,18,0,19968,0
1735,TX001736,AC00387,M041,58.7,travel,Debit,D000633,30.0,1,67,8937.35,141,1677859,16,4,5184,0
1736,TX001737,AC00010,M070,7.56,electronics,Debit,D000358,30.0,1,40,8528.72,145,1675701,16,0,3026,0
1737,TX001738,AC00087,M061,540.4,travel,Debit,D000414,30.0,1,45,425.77,272,1677084,16,2,4409,0
1738,TX001739,AC00294,M066,264.14,electronics,Debit,D000050,30.0,1,64,8459.26,125,1690565,17,4,17890,0
1739,TX001740,AC00408,M018,248.15,electronics,Debit,D000043,30.0,1,75,2649.23,202,1686847,16,3,14172,0
1740,TX001741,AC00495,M051,24.34,travel,Debit,D000108,30.0,1,54,6659.12,110,1701278,17,2,28603,0
1741,TX001742,AC00304,M052,428.61,electronics,Debit,D000560,30.0,1,66,11937.04,62,1673280,16,0,605,0
1742,TX001743,AC00053,M014,117.66,travel,Credit,D000047,30.0,1,39,6794.17,126,1691086,18,3,18411,0
1743,TX001744,AC00432,M063,165.8,digital_goods,Debit,D000409,30.0,1,60,2064.76,287,1683222,17,3,10547,0
1744,TX001745,AC00200,M067,289.18,electronics,Debit,D000110,30.0,1,65,3139.75,64,1693325,16,1,20650,0
1745,TX001746,AC00438,M036,125.39,electronics,Debit,D000149,30.0,1,21,202.69,140,1690822,16,0,18147,0
1746,TX001747,AC00151,M065,305.18,digital_goods,Debit,D000699,30.0,1,58,4474.2,216,1685987,17,0,13312,0
1747,TX001748,AC00305,M038,506.9,travel,Credit,D000337,30.0,1,64,11471.87,56,1698860,17,2,26185,0
1748,TX001749,AC00142,M008,504.12,travel,Credit,D000248,30.0,1,25,1107.28,101,1681493,17,4,8818,0
1749,TX001750,AC00356,M046,42.09,travel,Debit,D000332,30.0,1,29,5526.28,118,1674239,18,4,1564,0
1750,TX001751,AC00155,M098,607.28,electronics,Debit,D000376,30.0,1,32,9679.68,84,1674492,16,0,1817,0
1751,TX001752,AC00265,M036,91.9,digital_goods,Debit,D000245,30.0,1,77,1033.94,125,1684167,16,0,11492,0
1752,TX001753,AC00122,M029,303.43,travel,Debit,D000166,30.0,1,22,1833.24,30,1686072,17,1,13397,0
1753,TX001754,AC00426,M094,668.78,electronics,Debit,D000217,30.0,1,20,983.68,141,1698081,17,0,25406,0
1754,TX001755,AC00111,M077,270.54,electronics,Credit,D000479,30.0,1,20,269.78,139,1680546,18,0,7871,0
1755,TX001756,AC00405,M100,247.93,travel,Debit,D000082,30.0,1,37,9801.48,79,1692036,18,0,19361,0
1756,TX001757,AC00128,M077,34.67,digital_goods,Debit,D000321,30.0,1,19,888.6,71,1682440,16,1,9765,0
1757,TX001758,AC00050,M038,326.03,digital_goods,Credit,D000145,30.0,1,18,290.24,137,1683651,16,1,10976,0
1758,TX001759,AC00141,M021,148.26,electronics,Debit,D000389,30.0,1,25,958.7,57,1683567,17,0,10892,0
1759,TX001760,AC00010,M016,1086.6,digital_goods,Debit,D000428,30.0,1,19,1605.67,38,1684777,17,0,12102,0
1760,TX001761,AC00259,M097,373.99,electronics,Debit,D000617,30.0,1,60,8590.5,140,1698078,16,0,25403,0
1761,TX001762,AC00302,M084,254.34,digital_goods,Debit,D000412,30.0,1,49,5461.08,79,1694711,17,3,22036,0
1762,TX001763,AC00124,M038,819.48,electronics,Debit,D000395,30.0,1,25,1804.5,26,1696523,16,3,23848,0
1763,TX001764,AC00464,M063,14.0,electronics,Debit,D000357,30.0,1,49,7975.18,173,1694017,16,2,21342,0
1764,TX001765,AC00473,M022,57.16,electronics,Debit,D000110,30.0,1,40,222.22,74,1686854,18,3,14179,0
1765,TX001766,AC00486,M028,282.26,digital_goods,Debit,D000048,30.0,1,37,6857.2,278,1687798,16,0,15123,0
1766,TX001767,AC00348,M070,46.96,digital_goods,Debit,D000286,30.0,1,46,2028.92,12,1688143,16,4,15468,0
1767,TX001768,AC00398,M054,473.2,digital_goods,Debit,D000116,30.0,1,34,248.52,173,1691424,16,0,18749,0
1768,TX001769,AC00267,M098,192.97,electronics,Debit,D000042,30.0,1,59,3019.04,140,1678723,16,0,6048,0
1769,TX001770,AC00076,M078,168.99,electronics,Debit,D000221,30.0,1,18,1523.57,203,1682966,18,0,10291,0
1770,TX001771,AC00022,M009,1.82,digital_goods,Debit,D000652,30.0,1,80,5571.39,60,1681407,17,3,8732,0
1771,TX001772,AC00181,M024,40.9,electronics,Debit,D000536,30.0,1,55,1514.34,37,1685644,18,3,12969,0
1772,TX001773,AC00071,M063,78.91,digital_goods,Debit,D000619,30.0,1,61,1817.43,157,1677690,17,2,5015,0
1773,TX001774,AC00369,M060,169.97,electronics,Credit,D000183,30.0,1,22,6269.12,12,1701970,17,3,29295,0
1774,TX001775,AC00358,M091,17.79,travel,Debit,D000409,30.0,5,61,2281.9,162,1677085,17,2,4410,0
1775,TX001776,AC00021,M047,486.61,electronics,Credit,D000334,30.0,1,48,2006.69,130,1701188,16,1,28513,0
1776,TX001777,AC00156,M025,148.13,travel,Debit,D000280,30.0,1,58,2189.38,56,1679070,16,4,6395,0
1777,TX001778,AC00212,M099,164.52,electronics,Debit,D000677,30.0,1,61,11036.74,162,1703520,16,0,30845,0
1778,TX001779,AC00327,M008,720.89,electronics,Debit,D000496,30.0,1,27,447.06,120,1702919,17,0,30244,0
1779,TX001780,AC00349,M013,268.7,electronics,Debit,D000243,30.0,1,53,2104.74,63,1696349,16,1,23674,0
1780,TX001781,AC00183,M018,637.34,electronics,Debit,D000304,30.0,1,51,5183.5,278,1693585,16,4,20910,0
1781,TX001782,AC00478,M033,216.76,digital_goods,Credit,D000097,30.0,1,47,643.64,138,1699550,17,3,26875,0
1782,TX001783,AC00398,M017,418.02,electronics,Debit,D000170,30.0,1,46,11011.86,110,1686074,17,1,13399,0
1783,TX001784,AC00380,M050,292.03,electronics,Credit,D000659,30.0,1,46,951.33,154,1693844,16,0,21169,0
1784,TX001785,AC00030,M023,251.4,electronics,Debit,D000502,30.0,1,57,2561.67,178,1688575,16,2,15900,0
1785,TX001786,AC00341,M058,184.56,digital_goods,Debit,D000434,30.0,1,21,1549.27,93,1701360,16,3,28685,0
1786,TX001787,AC00162,M024,33.76,digital_goods,Debit,D000311,30.0,1,26,3253.51,227,1673890,17,0,1215,0
1787,TX001788,AC00319,M046,253.46,electronics,Debit,D000057,30.0,1,45,1338.95,60,1684772,16,0,12097,0
1788,TX001789,AC00338,M078,1612.37,electronics,Debit,D000025,30.0,1,65,3910.59,173,1690220,17,0,17545,0
1789,TX001790,AC00374,M002,138.68,travel,Credit,D000261,30.0,1,22,206.2,44,1686758,16,2,14083,0
1790,TX001791,AC00451,M001,42.56,digital_goods,Debit,D000682,30.0,1,18,4361.44,146,1690820,16,0,18145,0
1791,TX001792,AC00005,M011,680.76,travel,Debit,D000035,30.0,1,21,572.97,165,1677515,16,0,4840,0
1792,TX001793,AC00263,M062,53.83,travel,Debit,D000471,30.0,1,70,4580.59,131,1685553,17,2,12878,0
1793,TX001794,AC00432,M094,11.09,travel,Debit,D000137,30.0,1,51,2990.05,95,1698771,16,1,26096,0
1794,TX001795,AC00274,M074,37.81,travel,Debit,D000070,30.0,1,63,5208.98,195,1690217,16,0,17542,0
1795,TX001796,AC00103,M006,449.18,digital_goods,Debit,D000578,30.0,1,67,1025.99,50,1703523,17,0,30848,0
1796,TX001797,AC00146,M004,1135.8,electronics,Debit,D000485,30.0,1,30,13534.3,250,1694016,16,2,21341,0
1797,TX001798,AC00359,M099,297.6,digital_goods,Debit,D000255,30.0,1,39,1461.17,162,1696351,16,1,23676,0
1798,TX001799,AC00164,M073,683.75,travel,Debit,D000312,30.0,1,32,6333.72,106,1676919,18,0,4244,0
1799,TX001800,AC00079,M009,21.4,digital_goods,Credit,D000168,30.0,1,48,8551.6,129,1676304,16,0,3629,0
1800,TX001801,AC00209,M092,315.94,electronics,Debit,D000099,30.0,1,78,4273.99,93,1696011,18,4,23336,0
1801,TX001802,AC00018,M078,331.32,travel,Debit,D000334,30.0,5,61,13054.54,137,1685985,17,0,13310,0
1802,TX001803,AC00401,M013,223.76,travel,Credit,D000441,30.0,1,74,4102.23,110,1691769,16,4,19094,0
1803,TX001804,AC00179,M042,216.03,electronics,Debit,D000160,30.0,1,42,10462.77,300,1698431,18,4,25756,0
1804,TX001805,AC00274,M006,17.42,electronics,Debit,D000516,30.0,1,74,6851.31,150,1699464,17,2,26789,0
1805,TX001806,AC00354,M036,491.91,digital_goods,Debit,D000314,30.0,1,78,2421.94,155,1673284,17,0,609,0
1806,TX001807,AC00025,M050,350.11,digital_goods,Credit,D000510,30.0,1,74,4639.04,178,1678727,17,0,6052,0
1807,TX001808,AC00493,M067,218.07,travel,Debit,D000002,30.0,1,23,443.62,243,1699296,18,0,26621,0
1808,TX001809,AC00339,M019,291.09,travel,Debit,D000588,30.0,1,48,6312.79,73,1700506,18,0,27831,0
1809,TX001810,AC00454,M027,422.14,travel,Credit,D000579,30.0,1,26,1436.32,109,1700242,17,4,27567,0
1810,TX001811,AC00152,M098,613.21,electronics,Debit,D000614,30.0,1,61,3279.12,157,1678902,17,2,6227,0
1811,TX001812,AC00314,M097,73.83,digital_goods,Debit,D000546,30.0,1,69,6020.29,69,1672943,18,3,268,0
1812,TX001813,AC00054,M073,67.33,digital_goods,Debit,D000538,30.0,1,59,5925.98,36,1681409,18,3,8734,0
1813,TX001814,AC00036,M053,26.92,electronics,Debit,D000687,30.0,1,62,1674.94,43,1684433,18,3,11758,0
1814,TX001815,AC00397,M011,18.3,digital_goods,Debit,D000315,30.0,1,48,3733.52,155,1676305,16,0,3630,0
1815,TX001816,AC00355,M091,317.94,electronics,Debit,D000335,30.0,1,54,2996.51,124,1674668,17,2,1993,0
1816,TX001817,AC00188,M028,179.38,digital_goods,Debit,D000218,30.0,1,40,11666.18,173,1678727,17,0,6052,0
1817,TX001818,AC00222,M026,918.95,digital_goods,Debit,D000563,30.0,1,68,7006.46,139,1682959,16,0,10284,0
1818,TX001819,AC00094,M024,13.92,electronics,Debit,D000553,30.0,1,37,2735.84,209,1685381,17,0,12706,0
1819,TX001820,AC00004,M014,365.43,electronics,Debit,D000146,30.0,1,25,1073.51,176,1700758,16,3,28083,0
1820,TX001821,AC00021,M052,263.59,travel,Debit,D000333,30.0,1,71,6996.35,16,1674489,16,0,1814,0
1821,TX001822,AC00102,M093,54.8,travel,Debit,D000168,30.0,1,34,4943.49,140,1685636,16,3,12961,0
1822,TX001823,AC00367,M007,141.49,digital_goods,Debit,D000657,30.0,1,24,1665.58,75,1695229,16,2,22554,0
1823,TX001824,AC00137,M068,31.39,electronics,Debit,D000214,30.0,1,20,998.49,15,1673284,17,0,609,0
1824,TX001825,AC00289,M006,93.82,digital_goods,Debit,D000018,30.0,1,39,8422.06,176,1687801,17,0,15126,0
1825,TX001826,AC00458,M071,5.71,travel,Debit,D000231,30.0,1,21,1285.42,106,1701452,17,4,28777,0
1826,TX001827,AC00493,M080,178.39,digital_goods,Debit,D000257,30.0,1,34,8469.43,98,1692123,18,1,19448,0
1827,TX001828,AC00059,M050,126.91,electronics,Debit,D000268,30.0,1,22,692.69,42,1692806,16,2,20131,0
1828,TX001829,AC00281,M095,36.09,travel,Debit,D000334,30.0,1,53,12319.26,167,1686932,16,4,14257,0
1829,TX001830,AC00020,M042,91.77,travel,Debit,D000504,30.0,1,51,9240.73,174,1678901,17,2,6226,0
1830,TX001831,AC00396,M020,198.92,digital_goods,Debit,D000301,30.0,1,36,2854.66,100,1698079,16,0,25404,0
1831,TX001832,AC00402,M067,137.81,travel,Debit,D000260,30.0,1,58,2631.47,44,1698339,16,3,25664,0
1832,TX001833,AC00385,M029,136.88,travel,Credit,D000545,30.0,1,24,7465.95,71,1689702,17,1,17027,0
1833,TX001834,AC00167,M001,133.07,travel,Debit,D000312,30.0,1,21,1670.99,155,1694622,16,2,21947,0
1834,TX001835,AC00349,M071,1.14,travel,Debit,D000159,30.0,1,43,13913.92,137,1698077,16,0,25402,0
1835,TX001836,AC00153,M057,256.34,travel,Debit,D000383,30.0,1,69,7471.63,99,1692636,16,0,19961,0
1836,TX001837,AC00197,M025,56.11,travel,Debit,D000668,30.0,1,36,11123.65,109,1679937,17,0,7262,0
1837,TX001838,AC00219,M058,118.1,electronics,Debit,D000274,30.0,1,50,7976.6,50,1695658,16,0,22983,0
1838,TX001839,AC00255,M096,137.86,digital_goods,Credit,D000431,30.0,1,66,8046.94,120,1693239,16,0,20564,0
1839,TX001840,AC00035,M012,813.78,electronics,Credit,D000627,30.0,1,54,14935.5,55,1691430,17,0,18755,0
1840,TX001841,AC00003,M089,237.97,electronics,Debit,D000498,30.0,1,69,13486.15,69,1673285,17,0,610,0
1841,TX001842,AC00136,M070,684.96,electronics,Debit,D000445,30.0,1,21,526.67,31,1673281,16,0,606,0
1842,TX001843,AC00337,M080,878.63,electronics,Debit,D000636,30.0,1,60,4954.37,139,1680800,16,3,8125,0
1843,TX001844,AC00265,M002,276.56,travel,Debit,D000655,30.0,1,68,8942.58,15,1681147,17,0,8472,0
1844,TX001845,AC00356,M043,8.75,electronics,Debit,D000502,30.0,1,79,4044.62,199,1686845,16,3,14170,0
1845,TX001846,AC00305,M016,637.48,digital_goods,Debit,D000005,30.0,1,65,4148.85,207,1695054,16,0,22379,0
1846,TX001847,AC00300,M010,103.15,travel,Debit,D000658,30.0,1,51,11388.15,179,1693418,17,2,20743,0
1847,TX001848,AC00301,M021,505.6,travel,Debit,D000331,30.0,1,52,5347.57,183,1676397,17,1,3722,0
1848,TX001849,AC00154,M073,371.86,electronics,Debit,D000147,30.0,1,46,1329.45,91,1676914,17,0,4239,0
1849,TX001850,AC00201,M094,14.26,travel,Debit,D000122,30.0,1,50,2475.65,37,1701104,17,0,28429,0
1850,TX001851,AC00004,M084,13.16,travel,Debit,D000098,30.0,1,43,1019.46,98,1682962,17,0,10287,0
1851,TX001852,AC00237,M050,167.92,electronics,Debit,D000671,30.0,2,40,14321.73,136,1687802,17,0,15127,0
1852,TX001853,AC00304,M070,73.01,electronics,Debit,D000402,30.0,1,56,2833.12,101,1683651,17,1,10976,0
1853,TX001854,AC00086,M066,201.5,digital_goods,Credit,D000059,30.0,1,61,12148.32,196,1689358,18,4,16683,0
1854,TX001855,AC00483,M077,150.3,digital_goods,Debit,D000362,30.0,1,41,14371.08,204,1691429,17,0,18754,0
1855,TX001856,AC00288,M071,23.7,electronics,Debit,D000142,30.0,1,46,7947.44,32,1698342,17,3,25667,0
1856,TX001857,AC00134,M089,49.59,travel,Debit,D000679,30.0,1,48,6037.03,147,1692981,16,4,20306,0
1857,TX001858,AC00130,M024,720.13,electronics,Credit,D000228,30.0,1,22,387.02,96,1676397,17,1,3722,0
1858,TX001859,AC00393,M021,134.92,digital_goods,Debit,D000636,30.0,1,19,1081.97,101,1698770,16,1,26095,0
1859,TX001860,AC00029,M041,116.97,electronics,Debit,D000054,30.0,1,18,729.7,299,1689180,16,2,16505,0
1860,TX001861,AC00228,M037,11.06,electronics,Debit,D000153,30.0,3,34,2782.21,13,1698861,17,2,26186,1
1861,TX001862,AC00131,M039,88.29,digital_goods,Credit,D000101,30.0,1,50,5245.93,287,1674233,16,4,1558,0
1862,TX001863,AC00233,M064,5.81,electronics,Debit,D000007,30.0,1,25,1290.95,222,1687541,17,4,14866,0
1863,TX001864,AC00017,M095,103.48,electronics,Debit,D000640,30.0,1,32,6494.25,33,1675094,16,0,2419,0
1864,TX001865,AC00071,M010,156.74,electronics,Debit,D000626,30.0,1,70,4004.35,136,1677262,18,4,4587,0
1865,TX001866,AC00128,M058,505.14,electronics,Debit,D000431,30.0,1,68,2525.47,179,1672767,17,1,92,0
1866,TX001867,AC00073,M072,31.06,electronics,Debit,D000308,30.0,1,46,11014.25,61,1700499,16,0,27824,0
1867,TX001868,AC00353,M022,7.61,electronics,Debit,D000531,30.0,1,50,6275.0,163,1695320,18,3,22645,0
1868,TX001869,AC00209,M019,276.16,electronics,Credit,D000024,30.0,1,53,1733.34,71,1676304,16,0,3629,0
1869,TX001870,AC00396,M040,145.77,electronics,Debit,D000175,30.0,1,68,5294.98,237,1680710,16,2,8035,0
1870,TX001871,AC00439,M094,369.44,digital_goods,Debit,D000572,30.0,1,34,5018.67,19,1700500,17,0,27825,0
1871,TX001872,AC00063,M040,558.86,electronics,Debit,D000072,30.0,1,60,9844.32,95,1678901,17,2,6226,0
1872,TX001873,AC00203,M054,429.15,travel,Debit,D000193,30.0,1,26,712.13,218,1678378,16,3,5703,0
1873,TX001874,AC00394,M094,36.74,travel,Debit,D000062,30.0,1,33,6217.58,133,1675704,17,0,3029,0
1874,TX001875,AC00258,M061,79.14,digital_goods,Credit,D000236,30.0,1,57,2229.56,22,1681320,17,2,8645,0
1875,TX001876,AC00144,M062,132.48,travel,Debit,D000097,30.0,1,36,9313.05,101,1691606,18,2,18931,0
1876,TX001877,AC00169,M079,136.48,digital_goods,Debit,D000119,30.0,4,52,4618.53,138,1692031,16,0,19356,0
1877,TX001878,AC00285,M012,203.76,travel,Debit,D000088,30.0,1,55,6747.16,37,1696264,16,0,23589,0
1878,TX001879,AC00047,M100,750.95,travel,Debit,D000551,30.0,1,78,5134.37,27,1694196,18,4,21521,0
1879,TX001880,AC00460,M036,0.84,electronics,Debit,D000527,30.0,1,52,2207.54,31,1704127,16,0,31452,0
1880,TX001881,AC00073,M010,257.18,digital_goods,Debit,D000479,30.0,1,67,13336.15,28,1689008,17,0,16333,0
1881,TX001882,AC00253,M085,767.66,electronics,Debit,D000074,30.0,1,63,1801.69,155,1683567,17,0,10892,0
1882,TX001883,AC00320,M032,182.29,digital_goods,Debit,D000193,30.0,1,54,522.39,123,1683737,16,2,11062,0
1883,TX001884,AC00462,M021,184.51,digital_goods,Credit,D000445,30.0,1,54,9381.64,118,1693845,16,0,21170,0
1884,TX001885,AC00071,M046,451.31,electronics,Debit,D000020,30.0,5,62,2963.29,166,1701709,16,0,29034,0
1885,TX001886,AC00363,M065,144.1,travel,Debit,D000214,30.0,1,57,11523.64,30,1688750,17,4,16075,0
1886,TX001887,AC00448,M053,72.5,electronics,Debit,D000431,30.0,1,40,12723.62,30,1681148,17,0,8473,0
1887,TX001888,AC00206,M065,74.11,digital_goods,Credit,D000320,30.0,4,69,3920.11,71,1694189,16,4,21514,0
1888,TX001889,AC00181,M065,22.15,travel,Debit,D000452,30.0,1,44,7451.83,73,1683131,16,2,10456,0
1889,TX001890,AC00213,M045,777.92,travel,Debit,D000125,30.0,1,62,7061.58,97,1686596,18,0,13921,0
1890,TX001891,AC00470,M096,790.07,digital_goods,Debit,D000181,30.0,1,28,985.77,197,1685122,17,4,12447,0
1891,TX001892,AC00451,M066,406.33,travel,Credit,D000285,30.0,1,59,4298.34,103,1696264,16,0,23589,0
1892,TX001893,AC00192,M021,767.41,electronics,Debit,D000058,30.0,1,56,12799.34,27,1694104,16,3,21429,0
1893,TX001894,AC00378,M099,4.58,digital_goods,Credit,D000162,30.0,1,21,811.24,135,1697732,16,3,25057,0
1894,TX001895,AC00143,M030,447.83,travel,Credit,D000590,30.0,1,53,13273.08,88,1692116,16,1,19441,0
1895,TX001896,AC00499,M030,49.67,digital_goods,Debit,D000560,30.0,1,21,842.94,146,1676918,18,0,4243,0
1896,TX001897,AC00168,M067,77.83,travel,Credit,D000319,30.0,1,49,2471.53,146,1703695,16,2,31020,0
1897,TX001898,AC00085,M033,702.87,electronics,Debit,D000352,30.0,1,19,1237.5,184,1686157,17,2,13482,0
1898,TX001899,AC00144,M071,133.56,digital_goods,Debit,D000417,30.0,1,25,783.83,177,1674585,18,1,1910,0
1899,TX001900,AC00185,M024,868.05,digital_goods,Credit,D000255,30.0,1,49,3931.03,119,1673541,16,3,866,0
1900,TX001901,AC00338,M055,52.87,travel,Debit,D000053,30.0,1,24,960.96,70,1680283,17,4,7608,0
1901,TX001902,AC00384,M053,179.0,electronics,Debit,D000583,30.0,1,78,7310.88,121,1694016,16,2,21341,0
1902,TX001903,AC00336,M005,1168.26,digital_goods,Credit,D000697,30.0,1,73,1385.74,37,1686587,16,0,13912,0
1903,TX001904,AC00003,M032,384.11,electronics,Debit,D000290,30.0,1,58,7902.52,12,1684168,16,0,11493,0
1904,TX001905,AC00378,M025,227.61,digital_goods,Debit,D000162,30.0,1,71,4405.28,61,1691424,16,0,18749,0
1905,TX001906,AC00217,M040,40.83,electronics,Debit,D000627,30.0,1,48,3944.12,24,1692204,16,2,19529,0
1906,TX001907,AC00280,M037,19.76,electronics,Debit,D000621,30.0,1,20,1523.04,240,1680285,17,4,7610,0
1907,TX001908,AC00184,M019,484.24,travel,Debit,D000305,30.0,1,67,8042.3,77,1685378,16,0,12703,0
1908,TX001909,AC00456,M009,494.66,digital_goods,Debit,D000500,30.0,1,33,5531.93,110,1687193,16,0,14518,0
1909,TX001910,AC00151,M040,301.47,travel,Debit,D000030,30.0,1,21,560.73,291,1674749,16,3,2074,0
1910,TX001911,AC00366,M078,199.09,digital_goods,Debit,D000663,30.0,1,70,1658.52,89,1684515,16,4,11840,0
1911,TX001912,AC00383,M100,38.95,digital_goods,Debit,D000669,30.0,1,27,731.52,50,1697647,16,2,24972,0
1912,TX001913,AC00076,M049,515.94,electronics,Debit,D000606,30.0,1,29,1389.89,37,1703263,16,4,30588,0
1913,TX001914,AC00290,M055,41.93,electronics,Debit,D000600,30.0,1,48,5081.26,136,1676306,16,0,3631,0
1914,TX001915,AC00347,M069,137.84,electronics,Debit,D000553,30.0,1,27,1000.35,83,1699891,16,0,27216,0
1915,TX001916,AC00034,M032,95.35,digital_goods,Debit,D000348,30.0,1,21,1639.9,131,1690388,16,2,17713,0
1916,TX001917,AC00373,M092,93.14,digital_goods,Debit,D000624,30.0,1,67,5473.82,151,1672678,16,0,3,0
1917,TX001918,AC00382,M086,1427.71,travel,Debit,D000015,30.0,1,64,1729.26,159,1674581,17,1,1906,0
1918,TX001919,AC00463,M026,79.33,digital_goods,Credit,D000154,30.0,1,51,14798.1,109,1701879,16,2,29204,0
1919,TX001920,AC00030,M011,76.89,electronics,Debit,D000671,30.0,1,55,7374.26,132,1683740,17,2,11065,0
1920,TX001921,AC00431,M040,233.71,digital_goods,Debit,D000450,30.0,1,19,1231.98,297,1678728,17,0,6053,0
1921,TX001922,AC00243,M044,14.92,travel,Debit,D000521,30.0,1,26,6611.26,120,1684774,16,0,12099,0
1922,TX001923,AC00499,M032,242.17,electronics,Debit,D000442,30.0,1,60,883.72,147,1686241,16,3,13566,0
1923,TX001924,AC00065,M020,122.98,digital_goods,Debit,D000259,30.0,1,79,5055.99,228,1690215,16,0,17540,0
1924,TX001925,AC00492,M040,129.35,electronics,Debit,D000631,30.0,1,52,7166.88,130,1693240,16,0,20565,0
1925,TX001926,AC00062,M011,138.33,digital_goods,Debit,D000183,30.0,1,21,232.56,69,1688752,17,4,16077,0
1926,TX001927,AC00026,M053,39.31,digital_goods,Debit,D000394,30.0,1,25,1236.38,178,1698686,17,0,26011,0
1927,TX001928,AC00201,M040,91.85,digital_goods,Debit,D000471,30.0,1,21,802.09,148,1697475,16,0,24800,0
1928,TX001929,AC00377,M011,277.7,travel,Debit,D000490,30.0,1,58,1423.2,107,1687451,16,3,14776,0
1929,TX001930,AC00269,M081,114.03,electronics,Debit,D000010,30.0,1,51,13388.56,172,1700843,16,4,28168,0
1930,TX001931,AC00239,M052,302.63,travel,Credit,D000444,30.0,1,27,2801.28,10,1677605,17,1,4930,0
1931,TX001932,AC00070,M023,31.19,electronics,Debit,D000410,30.0,1,52,5545.96,74,1682439,16,1,9764,0
1932,TX001933,AC00284,M031,112.91,digital_goods,Credit,D000439,30.0,1,27,4764.48,135,1700071,18,2,27396,0
1933,TX001934,AC00337,M056,742.26,digital_goods,Debit,D000678,30.0,1,27,7868.19,36,1687280,17,1,14605,0
1934,TX001935,AC00051,M014,256.8,electronics,Debit,D000143,30.0,1,26,1128.38,80,1677257,16,4,4582,0
1935,TX001936,AC00328,M095,378.68,electronics,Debit,D000653,30.0,1,60,7627.04,239,1673025,17,4,350,0
1936,TX001937,AC00064,M048,571.93,digital_goods,Debit,D000230,30.0,1,52,4026.03,119,1695231,17,2,22556,0
1937,TX001938,AC00231,M028,26.31,digital_goods,Credit,D000392,30.0,1,77,7095.76,163,1691771,16,4,19096,0
1938,TX001939,AC00362,M005,205.58,digital_goods,Debit,D000547,30.0,1,20,1501.95,159,1692208,17,2,19533,0
1939,TX001940,AC00363,M043,533.61,digital_goods,Debit,D000324,30.0,1,48,3656.93,115,1703089,16,2,30414,0
1940,TX001941,AC00196,M028,428.62,travel,Debit,D000039,30.0,1,55,3473.24,72,1685980,16,0,13305,0
1941,TX001942,AC00360,M028,361.22,electronics,Debit,D000338,30.0,1,64,7061.73,167,1681754,17,0,9079,0
1942,TX001943,AC00499,M002,837.29,travel,Debit,D000189,30.0,1,25,6012.67,216,1701101,16,0,28426,0
1943,TX001944,AC00213,M091,117.25,digital_goods,Credit,D000280,30.0,1,31,13694.68,73,1680539,16,0,7864,0
1944,TX001945,AC00165,M050,135.27,electronics,Debit,D000526,30.0,1,48,9410.51,131,1691684,16,3,19009,0
1945,TX001946,AC00299,M005,185.1,travel,Debit,D000664,30.0,1,53,6115.63,23,1691511,16,1,18836,0
1946,TX001947,AC00119,M036,113.54,digital_goods,Debit,D000006,30.0,1,38,5581.21,273,1695400,16,4,22725,0
1947,TX001948,AC00409,M014,354.96,digital_goods,Debit,D000282,30.0,1,69,6712.94,96,1701275,16,2,28600,0
1948,TX001949,AC00100,M086,224.22,travel,Debit,D000421,30.0,1,53,8400.87,37,1674499,18,0,1824,0
1949,TX001950,AC00244,M032,737.1,electronics,Debit,D000637,30.0,1,60,4644.19,92,1689783,16,2,17108,0
1950,TX001951,AC00382,M018,223.22,electronics,Debit,D000397,30.0,1,27,1734.22,96,1689610,16,0,16935,0
1951,TX001952,AC00389,M076,557.26,electronics,Debit,D000184,30.0,1,69,5237.12,53,1696439,17,2,23764,0
1952,TX001953,AC00350,M092,1496.57,digital_goods,Debit,D000139,30.0,1,33,969.06,95,1677514,16,0,4839,0
1953,TX001954,AC00275,M057,27.44,electronics,Debit,D000451,30.0,1,62,5950.48,164,1699291,17,0,26616,0
1954,TX001955,AC00231,M068,310.09,travel,Debit,D000405,30.0,1,36,9962.5,166,1700844,16,4,28169,0
1955,TX001956,AC00449,M064,80.38,digital_goods,Debit,D000686,30.0,1,52,9662.88,116,1678119,16,0,5444,0
1956,TX001957,AC00248,M032,26.1,travel,Credit,D000017,30.0,1,66,5243.0,115,1701452,17,4,28777,0
1957,TX001958,AC00301,M026,845.14,travel,Credit,D000154,30.0,1,73,1702.65,183,1673281,16,0,606,0
1958,TX001959,AC00023,M019,59.73,electronics,Debit,D000681,30.0,1,27,800.93,56,1684773,16,0,12098,0
1959,TX001960,AC00272,M009,758.77,electronics,Debit,D000332,30.0,1,60,7231.47,114,1687536,16,4,14861,0
1960,TX001961,AC00377,M089,301.51,electronics,Debit,D000509,30.0,1,22,1052.31,284,1677256,16,4,4581,0
1961,TX001962,AC00276,M051,418.03,digital_goods,Debit,D000391,30.0,1,58,10721.29,161,1693849,17,0,21174,0
1962,TX001963,AC00427,M082,118.06,travel,Credit,D000441,30.0,1,32,13560.63,31,1684948,17,2,12273,0
1963,TX001964,AC00220,M092,483.92,electronics,Debit,D000046,30.0,1,70,3138.0,115,1697482,18,0,24807,0
1964,TX001965,AC00370,M099,78.93,electronics,Debit,D000602,30.0,1,38,9916.24,145,1676652,16,4,3977,0
1965,TX001966,AC00187,M094,36.63,electronics,Debit,D000560,30.0,1,75,7941.73,261,1683219,17,3,10544,0
1966,TX001967,AC00293,M062,87.85,travel,Debit,D000654,30.0,1,49,3753.24,63,1702488,17,2,29813,0
1967,TX001968,AC00203,M051,1001.83,digital_goods,Debit,D000220,30.0,1,31,9733.83,55,1689615,17,0,16940,0
1968,TX001969,AC00016,M026,705.34,digital_goods,Debit,D000562,30.0,1,59,5003.22,124,1694544,18,1,21869,0
1969,TX001970,AC00189,M002,146.55,digital_goods,Debit,D000163,30.0,5,54,4087.44,124,1691087,18,3,18412,0
1970,TX001971,AC00005,M064,116.89,digital_goods,Debit,D000328,30.0,1,71,4880.31,226,1700497,16,0,27822,0
1971,TX001972,AC00190,M063,106.41,travel,Debit,D000473,30.0,1,57,1310.38,87,1673887,16,0,1212,0
1972,TX001973,AC00480,M053,1087.9,electronics,Debit,D000549,30.0,1,78,2513.51,103,1679940,18,0,7265,0
1973,TX001974,AC00407,M051,584.41,electronics,Debit,D000326,30.0,1,23,4475.22,41,1672678,16,0,3,0
1974,TX001975,AC00195,M093,584.98,travel,Credit,D000175,30.0,1,55,6521.05,121,1686587,16,0,13912,0
1975,TX001976,AC00260,M055,79.21,travel,Debit,D000014,30.0,1,56,1615.04,140,1700848,17,4,28173,0
1976,TX001977,AC00006,M044,173.13,digital_goods,Credit,D000485,30.0,1,20,1490.34,288,1696524,16,3,23849,0
1977,TX001978,AC00294,M012,335.7,electronics,Debit,D000180,30.0,1,80,6601.44,57,1675100,17,0,2425,0
1978,TX001979,AC00327,M066,1225.5,digital_goods,Credit,D000507,30.0,1,50,8611.17,109,1701100,16,0,28425,0
1979,TX001980,AC00013,M036,422.81,travel,Debit,D000050,30.0,1,28,1929.28,193,1700496,16,0,27821,0
1980,TX001981,AC00386,M031,135.43,electronics,Debit,D000626,30.0,1,57,5315.83,92,1696608,16,4,23933,0
1981,TX001982,AC00256,M042,584.88,electronics,Debit,D000202,30.0,1,26,548.45,121,1703006,17,1,30331,0
1982,TX001983,AC00439,M092,308.94,digital_goods,Debit,D000650,30.0,1,25,1931.66,167,1680539,16,0,7864,0
1983,TX001984,AC00088,M021,295.93,travel,Debit,D000414,30.0,1,36,1050.63,117,1676913,17,0,4238,0
1984,TX001985,AC00303,M071,1512.99,digital_goods,Debit,D000032,30.0,1,19,9963.39,50,1691514,17,1,18839,0
1985,TX001986,AC00245,M011,77.44,travel,Debit,D000218,30.0,1,58,1950.63,268,1687796,16,0,15121,0
1986,TX001987,AC00188,M080,92.5,digital_goods,Credit,D000520,30.0,1,40,6295.45,70,1695658,16,0,22983,0
1987,TX001988,AC00225,M046,97.74,digital_goods,Credit,D000211,30.0,1,41,4113.63,137,1693845,16,0,21170,0
1988,TX001989,AC00278,M058,291.68,electronics,Debit,D000021,30.0,1,21,1451.02,90,1691431,18,0,18756,0
1989,TX001990,AC00311,M011,56.96,electronics,Debit,D000379,30.0,1,22,1597.85,135,1687801,17,0,15126,0
1990,TX001991,AC00206,M082,436.8,digital_goods,Debit,D000619,30.0,1,27,1256.33,92,1688400,16,0,15725,0
1991,TX001992,AC00329,M045,259.49,digital_goods,Debit,D000433,30.0,1,72,7320.61,292,1686328,16,4,13653,0
1992,TX001993,AC00338,M035,726.26,digital_goods,Debit,D000386,30.0,1,57,2150.38,147,1676308,17,0,3633,0
1993,TX001994,AC00409,M075,568.68,electronics,Debit,D000283,30.0,1,72,2940.04,101,1682448,18,1,9773,0
1994,TX001995,AC00114,M091,77.57,digital_goods,Debit,D000441,30.0,1,49,12801.93,225,1702486,17,2,29811,0
1995,TX001996,AC00460,M050,999.28,digital_goods,Debit,D000032,30.0,1,29,4272.41,40,1684777,17,0,12102,0
1996,TX001997,AC00373,M076,14.16,travel,Credit,D000665,30.0,1,74,5399.76,290,1673282,16,0,607,0
1997,TX001998,AC00021,M028,1142.83,travel,Credit,D000493,30.0,1,61,2467.39,48,1689356,17,4,16681,0
1998,TX001999,AC00235,M018,61.33,electronics,Debit,D000201,30.0,1,27,7537.4,129,1695233,18,2,22558,0
1999,TX002000,AC00261,M065,27.64,digital_goods,Debit,D000044,30.0,1,54,7498.51,23,1686330,17,4,13655,0
2000,TX002001,AC00456,M025,3.85,electronics,Debit,D000058,30.0,1,29,10506.41,32,1681748,16,0,9073,0
2001,TX002002,AC00332,M051,431.22,travel,Credit,D000301,30.0,1,73,6505.98,129,1682094,16,4,9419,0
2002,TX002003,AC00245,M076,178.55,travel,Debit,D000630,30.0,1,55,7568.4,67,1702656,16,4,29981,0
2003,TX002004,AC00388,M091,248.76,electronics,Debit,D000334,30.0,1,18,546.46,56,1684944,16,2,12269,0
2004,TX002005,AC00008,M060,76.16,electronics,Debit,D000539,30.0,1,23,1072.25,99,1700585,16,1,27910,0
2005,TX002006,AC00066,M062,347.25,electronics,Debit,D000646,30.0,1,69,7273.55,250,1675104,18,0,2429,0
2006,TX002007,AC00227,M008,28.04,electronics,Debit,D000101,30.0,5,57,11197.54,146,1676479,16,2,3804,0
2007,TX002008,AC00352,M086,325.98,electronics,Debit,D000232,30.0,1,19,782.35,277,1689872,16,3,17197,0
2008,TX002009,AC00481,M083,249.56,travel,Debit,D000617,30.0,1,76,4444.95,246,1700496,16,0,27821,0
2009,TX002010,AC00341,M042,17.43,electronics,Debit,D000574,30.0,1,56,10658.88,33,1677169,16,3,4494,0
2010,TX002011,AC00065,M005,198.01,travel,Credit,D000145,30.0,1,26,250.93,40,1682358,17,0,9683,0
2011,TX002012,AC00248,M091,585.58,travel,Debit,D000580,30.0,1,23,1729.02,55,1693844,16,0,21169,0
2012,TX002013,AC00177,M024,434.67,digital_goods,Credit,D000107,30.0,1,27,1298.13,124,1701801,18,1,29126,0
2013,TX002014,AC00139,M040,510.7,digital_goods,Credit,D000167,30.0,1,27,5828.48,294,1686155,16,2,13480,0
2014,TX002015,AC00252,M047,331.98,electronics,Debit,D000302,30.0,1,74,7600.99,12,1693240,16,0,20565,0
2015,TX002016,AC00286,M070,199.54,digital_goods,Debit,D000631,30.0,1,56,9603.73,268,1696958,17,1,24283,0
2016,TX002017,AC00001,M003,212.97,digital_goods,Debit,D000492,30.0,1,59,4180.4,178,1699980,16,1,27305,0
2017,TX002018,AC00453,M038,270.56,digital_goods,Debit,D000203,30.0,1,23,1268.44,139,1676653,16,4,3978,0
2018,TX002019,AC00291,M015,306.37,electronics,Debit,D000484,30.0,1,26,9609.67,120,1687890,18,1,15215,0
2019,TX002020,AC00113,M065,643.02,electronics,Credit,D000534,30.0,1,38,11989.39,85,1696268,17,0,23593,0
2020,TX002021,AC00390,M090,98.48,travel,Debit,D000440,30.0,1,47,9538.92,12,1676567,17,3,3892,0
2021,TX002022,AC00345,M030,889.01,digital_goods,Debit,D000299,30.0,1,36,4826.88,169,1693331,17,1,20656,0
2022,TX002023,AC00011,M001,537.86,digital_goods,Debit,D000159,30.0,1,27,293.06,134,1695141,16,1,22466,0
2023,TX002024,AC00106,M025,241.18,electronics,Debit,D000616,30.0,1,25,1445.53,162,1685471,18,1,12796,0
2024,TX002025,AC00087,M074,130.54,electronics,Debit,D000544,30.0,1,64,11204.62,94,1680715,17,2,8040,0
2025,TX002026,AC00441,M033,800.29,travel,Credit,D000400,30.0,1,20,693.4,84,1701707,16,0,29032,0
2026,TX002027,AC00069,M046,8.81,digital_goods,Debit,D000462,30.0,1,57,13523.65,165,1684774,16,0,12099,0
2027,TX002028,AC00020,M021,28.52,electronics,Debit,D000700,30.0,1,20,662.51,163,1685724,16,4,13049,0
2028,TX002029,AC00172,M021,431.31,digital_goods,Credit,D000363,30.0,1,23,342.73,99,1682957,16,0,10282,0
2029,TX002030,AC00237,M025,885.33,electronics,Credit,D000413,30.0,1,47,7764.16,59,1692729,18,1,20054,0
2030,TX002031,AC00186,M052,199.23,electronics,Debit,D000183,30.0,1,29,9834.0,54,1693843,16,0,21168,0
2031,TX002032,AC00165,M080,42.26,electronics,Debit,D000214,30.0,1,44,268.77,171,1698337,16,3,25662,0
2032,TX002033,AC00438,M020,166.06,electronics,Debit,D000195,30.0,1,30,5397.68,172,1689350,16,4,16675,0
2033,TX002034,AC00435,M082,357.72,electronics,Debit,D000334,30.0,1,53,7659.5,25,1691429,17,0,18754,0
2034,TX002035,AC00472,M100,588.37,digital_goods,Debit,D000482,30.0,1,28,1926.08,284,1672940,17,3,265,0
2035,TX002036,AC00446,M063,72.82,digital_goods,Debit,D000453,30.0,1,68,6911.62,127,1699635,16,4,26960,0
2036,TX002037,AC00427,M069,162.36,digital_goods,Debit,D000315,30.0,1,36,7527.04,147,1700669,16,2,27994,0
2037,TX002038,AC00230,M057,584.82,digital_goods,Credit,D000594,30.0,1,43,12071.1,109,1697559,16,1,24884,0
2038,TX002039,AC00172,M065,38.15,digital_goods,Credit,D000682,30.0,1,72,1425.47,129,1696610,16,4,23935,0
2039,TX002040,AC00103,M063,477.54,electronics,Credit,D000386,30.0,1,23,1598.63,52,1692638,17,0,19963,0
2040,TX002041,AC00467,M013,639.57,travel,Debit,D000166,30.0,1,60,11726.47,43,1702916,16,0,30241,0
2041,TX002042,AC00094,M068,58.23,digital_goods,Debit,D000504,30.0,1,28,9189.76,34,1690392,17,2,17717,0
2042,TX002043,AC00231,M036,776.21,digital_goods,Credit,D000656,30.0,1,78,4895.87,99,1677086,17,2,4411,0
2043,TX002044,AC00032,M070,248.76,travel,Debit,D000390,30.0,1,21,6178.77,117,1679338,18,0,6663,0
2044,TX002045,AC00241,M083,188.61,digital_goods,Debit,D000451,30.0,1,67,7167.57,26,1704129,17,0,31454,0
2045,TX002046,AC00263,M001,675.37,digital_goods,Credit,D000508,30.0,1,56,4704.91,31,1703868,16,4,31193,0
2046,TX002047,AC00012,M011,94.82,travel,Credit,D000123,30.0,1,67,1267.72,56,1679416,16,1,6741,0
2047,TX002048,AC00009,M057,425.18,digital_goods,Credit,D000270,30.0,1,59,5790.55,135,1676909,16,0,4234,0
2048,TX002049,AC00041,M057,50.28,travel,Debit,D000544,30.0,1,60,5729.1,65,1675354,16,3,2679,0
2049,TX002050,AC00317,M018,864.72,travel,Credit,D000622,30.0,1,34,7379.38,58,1692981,16,4,20306,0
2050,TX002051,AC00475,M016,70.68,digital_goods,Debit,D000138,30.0,1,25,1478.41,105,1700672,17,2,27997,0
2051,TX002052,AC00181,M004,261.77,digital_goods,Debit,D000026,30.0,1,28,824.71,46,1673546,18,3,871,0
2052,TX002053,AC00120,M099,183.22,electronics,Debit,D000290,30.0,1,27,1024.42,63,1696531,18,3,23856,0
2053,TX002054,AC00331,M011,58.32,travel,Credit,D000135,30.0,4,29,6027.49,275,1690820,16,0,18145,0
2054,TX002055,AC00500,M099,156.86,electronics,Debit,D000168,30.0,1,51,14453.35,102,1675096,16,0,2421,0
2055,TX002056,AC00292,M040,120.67,electronics,Debit,D000119,30.0,1,42,5374.54,233,1703528,18,0,30853,0
2056,TX002057,AC00436,M047,308.62,travel,Credit,D000482,30.0,1,59,9148.08,101,1696618,18,4,23943,0
2057,TX002058,AC00476,M091,506.81,electronics,Debit,D000650,30.0,1,59,2757.23,41,1703089,16,2,30414,0
2058,TX002059,AC00391,M013,328.39,electronics,Debit,D000396,30.0,1,41,2523.83,108,1699548,16,3,26873,0
2059,TX002060,AC00267,M062,796.3,travel,Debit,D000225,30.0,1,67,1498.79,64,1679500,16,2,6825,0
2060,TX002061,AC00034,M083,72.47,digital_goods,Debit,D000066,30.0,1,29,1305.56,72,1697565,18,1,24890,0
2061,TX002062,AC00425,M097,279.6,electronics,Debit,D000452,30.0,1,25,1910.9,131,1685550,16,2,12875,0
2062,TX002063,AC00048,M083,304.2,digital_goods,Debit,D000652,30.0,1,25,423.64,102,1686240,16,3,13565,0
2063,TX002064,AC00110,M026,351.38,travel,Debit,D000254,30.0,1,64,7606.63,21,1687804,18,0,15129,0
2064,TX002065,AC00427,M078,86.07,travel,Debit,D000355,30.0,1,31,842.56,23,1700505,18,0,27830,0
2065,TX002066,AC00483,M073,604.5,electronics,Debit,D000501,30.0,1,28,709.42,80,1691519,18,1,18844,0
2066,TX002067,AC00310,M035,258.7,electronics,Debit,D000285,30.0,1,27,1358.37,123,1677085,17,2,4410,0
2067,TX002068,AC00179,M030,994.63,digital_goods,Debit,D000345,30.0,1,61,13538.14,158,1687363,16,2,14688,0
2068,TX002069,AC00363,M027,11.46,travel,Credit,D000232,30.0,1,75,7258.33,64,1675185,17,1,2510,0
2069,TX002070,AC00080,M002,63.76,electronics,Debit,D000211,30.0,1,69,4980.26,100,1687887,17,1,15212,0
2070,TX002071,AC00158,M051,446.83,travel,Credit,D000378,30.0,1,55,1623.5,143,1687805,18,0,15130,0
2071,TX002072,AC00033,M045,63.54,electronics,Debit,D000195,30.0,1,26,4401.78,136,1684779,18,0,12104,0
2072,TX002073,AC00492,M044,81.11,digital_goods,Debit,D000402,30.0,1,48,2051.37,110,1697479,18,0,24804,0
2073,TX002074,AC00228,M074,441.26,travel,Credit,D000490,30.0,5,58,13704.92,87,1677514,16,0,4839,0
2074,TX002075,AC00058,M083,170.96,travel,Debit,D000644,30.0,1,64,13374.89,69,1703782,16,3,31107,0
2075,TX002076,AC00427,M009,48.51,travel,Debit,D000443,30.0,1,22,3363.23,69,1673284,17,0,609,0
2076,TX002077,AC00236,M098,325.03,travel,Debit,D000289,30.0,1,60,13521.76,106,1673456,17,2,781,0
2077,TX002078,AC00144,M001,125.83,electronics,Debit,D000608,30.0,1,57,6109.86,138,1685380,17,0,12705,0
2078,TX002079,AC00256,M064,506.83,travel,Debit,D000410,30.0,1,37,9975.79,45,1682357,17,0,9682,0
2079,TX002080,AC00054,M085,738.94,travel,Debit,D000165,30.0,1,41,13856.18,173,1696877,18,0,24202,0
2080,TX002081,AC00492,M021,180.36,digital_goods,Credit,D000451,30.0,1,33,9905.23,55,1685463,16,1,12788,0
2081,TX002082,AC00498,M082,225.1,electronics,Debit,D000047,30.0,1,28,1547.71,35,1702315,17,0,29640,0
2082,TX002083,AC00005,M010,359.51,digital_goods,Debit,D000144,30.0,1,79,7153.72,157,1701367,18,3,28692,0
2083,TX002084,AC00204,M068,720.46,travel,Debit,D000280,30.0,1,54,3101.54,44,1701965,16,3,29290,0
2084,TX002085,AC00428,M005,1116.57,electronics,Debit,D000204,30.0,1,56,1393.14,104,1677171,16,3,4496,0
2085,TX002086,AC00019,M046,291.46,electronics,Debit,D000665,30.0,1,57,7142.53,135,1675873,16,2,3198,0
2086,TX002087,AC00029,M068,1192.95,travel,Debit,D000227,30.0,1,23,325.15,73,1701714,18,0,29039,0
2087,TX002088,AC00449,M031,98.24,digital_goods,Debit,D000005,30.0,1,28,580.66,148,1681149,17,0,8474,0
2088,TX002089,AC00213,M100,100.48,travel,Credit,D000139,30.0,1,18,6149.81,104,1676652,16,4,3977,0
2089,TX002090,AC00076,M002,45.9,travel,Debit,D000565,30.0,1,56,5698.25,264,1688496,18,1,15821,0
2090,TX002091,AC00442,M014,258.21,digital_goods,Debit,D000530,30.0,1,39,9562.41,225,1701105,17,0,28430,0
2091,TX002092,AC00228,M042,1079.11,digital_goods,Debit,D000203,30.0,1,53,2038.31,211,1683304,16,4,10629,0
2092,TX002093,AC00081,M016,287.51,digital_goods,Debit,D000698,30.0,1,22,187.65,255,1684774,16,0,12099,0
2093,TX002094,AC00072,M020,501.3,digital_goods,Credit,D000428,30.0,1,26,8520.08,146,1684780,18,0,12105,0
2094,TX002095,AC00261,M001,26.1,electronics,Debit,D000353,30.0,1,27,1435.72,32,1676650,16,4,3975,0
2095,TX002096,AC00082,M075,436.77,electronics,Debit,D000281,30.0,1,20,825.69,176,1695917,16,3,23242,0
2096,TX002097,AC00334,M001,292.38,electronics,Debit,D000687,30.0,1,68,5803.89,224,1684169,16,0,11494,0
2097,TX002098,AC00251,M009,1026.46,travel,Debit,D000292,30.0,1,53,3134.47,165,1687365,16,2,14690,0
2098,TX002099,AC00481,M005,25.29,digital_goods,Debit,D000111,30.0,1,50,5374.69,125,1690482,18,3,17807,0
2099,TX002100,AC00239,M070,123.35,digital_goods,Credit,D000170,30.0,1,31,6852.16,10,1691773,17,4,19098,0
2100,TX002101,AC00394,M025,139.52,travel,Debit,D000504,30.0,1,23,1570.22,31,1695405,18,4,22730,0
2101,TX002102,AC00374,M066,51.2,digital_goods,Debit,D000105,30.0,1,18,730.6,83,1678733,18,0,6058,0
2102,TX002103,AC00054,M069,122.85,digital_goods,Credit,D000392,30.0,3,47,13185.39,127,1701279,17,2,28604,0
2103,TX002104,AC00281,M019,161.38,digital_goods,Credit,D000690,30.0,1,24,3900.34,101,1699545,16,3,26870,0
2104,TX002105,AC00140,M099,2.51,digital_goods,Debit,D000539,30.0,1,63,4891.56,32,1681747,16,0,9072,0
2105,TX002106,AC00058,M075,22.62,electronics,Debit,D000032,30.0,1,64,7682.0,102,1683736,16,2,11061,0
2106,TX002107,AC00066,M007,126.83,travel,Debit,D000593,30.0,1,57,6100.98,39,1676911,16,0,4236,0
2107,TX002108,AC00190,M060,46.6,digital_goods,Debit,D000029,30.0,1,55,1562.9,68,1693418,17,2,20743,0
2108,TX002109,AC00452,M016,243.8,travel,Debit,D000550,30.0,1,57,13732.81,48,1672764,16,1,89,0
2109,TX002110,AC00099,M008,231.51,travel,Credit,D000380,30.0,1,60,5790.7,96,1693243,17,0,20568,0
2110,TX002111,AC00126,M068,175.05,digital_goods,Debit,D000299,30.0,1,39,1447.35,34,1672679,17,0,4,0
2111,TX002112,AC00021,M053,762.74,electronics,Debit,D000196,30.0,1,64,207.1,244,1683048,17,1,10373,0
2112,TX002113,AC00353,M016,34.03,travel,Debit,D000133,30.0,1,57,3077.2,38,1684775,17,0,12100,0
2113,TX002114,AC00482,M048,15.95,travel,Debit,D000669,30.0,1,25,1983.0,52,1678813,17,1,6138,0
2114,TX002115,AC00427,M064,926.53,electronics,Debit,D000294,30.0,1,57,3120.1,107,1700846,17,4,28171,0
2115,TX002116,AC00430,M042,101.51,digital_goods,Credit,D000055,30.0,1,46,3052.47,199,1679588,16,3,6913,0
2116,TX002117,AC00043,M089,309.42,travel,Debit,D000395,30.0,1,27,8564.46,42,1697647,16,2,24972,0
2117,TX002118,AC00186,M004,257.6,digital_goods,Credit,D000576,30.0,1,59,7950.74,293,1702917,16,0,30242,0
2118,TX002119,AC00248,M001,746.78,travel,Credit,D000243,30.0,1,21,1699.81,64,1701102,16,0,28427,0
2119,TX002120,AC00069,M097,82.01,travel,Credit,D000447,30.0,1,23,287.46,156,1703525,17,0,30850,0
2120,TX002121,AC00002,M022,476.99,digital_goods,Debit,D000594,30.0,1,23,1154.48,187,1673366,16,1,691,0
2121,TX002122,AC00090,M025,320.11,travel,Debit,D000614,30.0,1,23,4076.48,130,1693499,16,3,20824,0
2122,TX002123,AC00210,M015,333.39,electronics,Debit,D000244,30.0,1,68,10628.59,35,1694450,16,0,21775,0
2123,TX002124,AC00014,M022,10.3,electronics,Debit,D000494,30.0,1,47,7801.32,197,1701968,16,3,29293,0
2124,TX002125,AC00039,M037,737.46,travel,Credit,D000443,30.0,4,53,634.16,75,1672763,16,1,88,1
2125,TX002126,AC00021,M038,416.55,digital_goods,Debit,D000430,30.0,1,33,922.96,73,1683307,17,4,10632,0
2126,TX002127,AC00242,M034,84.91,digital_goods,Debit,D000667,30.0,1,18,1671.86,68,1697481,18,0,24806,0
2127,TX002128,AC00413,M084,98.95,travel,Debit,D000432,30.0,1,75,5670.82,73,1703871,17,4,31196,0
2128,TX002129,AC00082,M097,18.14,electronics,Credit,D000579,30.0,1,58,6020.85,48,1676659,18,4,3984,0
2129,TX002130,AC00304,M006,1154.79,electronics,Debit,D000585,30.0,1,51,6180.3,108,1690998,17,2,18323,0
2130,TX002131,AC00098,M016,215.13,digital_goods,Debit,D000606,30.0,1,46,3956.69,114,1672934,16,3,259,0
2131,TX002132,AC00372,M004,218.57,travel,Credit,D000095,30.0,1,62,13869.86,102,1697473,16,0,24798,0
2132,TX002133,AC00274,M053,341.88,electronics,Debit,D000321,30.0,1,43,4159.52,89,1686760,16,2,14085,0
2133,TX002134,AC00080,M010,691.92,digital_goods,Debit,D000187,30.0,1,19,1084.65,61,1689007,16,0,16332,0
2134,TX002135,AC00064,M057,50.43,travel,Debit,D000043,30.0,1,32,9794.26,51,1689005,16,0,16330,0
2135,TX002136,AC00241,M015,440.43,travel,Debit,D000614,30.0,1,78,5123.24,23,1695318,17,3,22643,0
2136,TX002137,AC00055,M018,299.03,travel,Debit,D000383,30.0,1,39,1381.28,52,1674149,17,3,1474,0
2137,TX002138,AC00215,M074,1.98,electronics,Debit,D000690,30.0,1,66,11619.1,170,1703526,17,0,30851,0
2138,TX002139,AC00037,M066,173.45,electronics,Debit,D000053,30.0,1,31,9077.62,161,1703521,16,0,30846,0
2139,TX002140,AC00325,M072,438.76,travel,Debit,D000074,30.0,1,22,1824.19,73,1676306,16,0,3631,0
2140,TX002141,AC00394,M026,519.62,digital_goods,Credit,D000046,30.0,1,71,4159.33,40,1700761,17,3,28086,0
2141,TX002142,AC00164,M096,738.68,digital_goods,Debit,D000369,30.0,1,50,14352.33,124,1678206,16,1,5531,0
2142,TX002143,AC00096,M004,151.14,digital_goods,Debit,D000142,30.0,1,64,2156.54,38,1685636,16,3,12961,0
2143,TX002144,AC00402,M090,75.77,travel,Debit,D000172,30.0,1,51,8361.7,148,1691430,17,0,18755,0
2144,TX002145,AC00077,M026,444.52,digital_goods,Debit,D000540,30.0,1,27,5424.6,17,1680624,16,1,7949,0
2145,TX002146,AC00116,M062,5.29,digital_goods,Debit,D000479,30.0,1,52,11263.89,276,1678301,18,2,5626,0
2146,TX002147,AC00145,M023,97.63,digital_goods,Credit,D000236,30.0,1,48,12467.31,127,1684166,16,0,11491,0
2147,TX002148,AC00457,M047,256.95,travel,Debit,D000672,30.0,1,26,2531.24,71,1683218,16,3,10543,0
2148,TX002149,AC00021,M075,734.86,travel,Credit,D000198,30.0,1,48,6242.03,290,1702053,16,4,29378,0
2149,TX002150,AC00110,M054,1250.94,electronics,Debit,D000282,30.0,2,36,11565.97,107,1677606,17,1,4931,0
2150,TX002151,AC00284,M087,84.28,travel,Debit,D000413,30.0,1,39,13586.06,142,1686589,17,0,13914,0
2151,TX002152,AC00012,M027,927.45,electronics,Debit,D000210,30.0,1,24,1161.84,95,1691434,18,0,18759,0
2152,TX002153,AC00065,M050,202.49,electronics,Credit,D000171,30.0,1,48,7447.1,69,1703781,16,3,31106,0
2153,TX002154,AC00439,M025,154.99,travel,Debit,D000582,30.0,1,25,1419.31,53,1693242,17,0,20567,0
2154,TX002155,AC00157,M087,481.53,travel,Debit,D000142,30.0,1,58,6142.54,277,1694539,17,1,21864,0
2155,TX002156,AC00013,M052,172.92,digital_goods,Debit,D000519,30.0,1,20,416.37,212,1693241,16,0,20566,0
2156,TX002157,AC00355,M063,275.59,travel,Credit,D000243,30.0,1,53,6313.22,238,1696956,16,1,24281,0
2157,TX002158,AC00155,M028,207.2,digital_goods,Debit,D000604,30.0,1,60,8092.94,133,1704125,16,0,31450,0
2158,TX002159,AC00105,M091,136.82,travel,Debit,D000541,30.0,1,31,6229.13,14,1692987,18,4,20312,0
2159,TX002160,AC00216,M097,624.0,travel,Debit,D000207,30.0,5,26,4976.18,132,1676568,17,3,3893,0
2160,TX002161,AC00297,M074,179.38,digital_goods,Debit,D000499,30.0,1,30,8741.51,28,1691692,18,3,19017,0
2161,TX002162,AC00139,M004,10.15,electronics,Debit,D000531,30.0,5,59,7155.04,58,1677171,16,3,4496,0
2162,TX002163,AC00205,M029,26.3,electronics,Debit,D000210,30.0,1,32,7473.73,33,1702400,16,1,29725,0
2163,TX002164,AC00148,M081,319.5,travel,Credit,D000513,30.0,1,29,2366.3,69,1686326,16,4,13651,0
2164,TX002165,AC00064,M080,182.42,travel,Debit,D000515,30.0,1,51,3051.29,137,1679504,16,2,6829,0
2165,TX002166,AC00344,M084,716.62,electronics,Debit,D000310,30.0,1,44,6987.4,241,1681142,16,0,8467,0
2166,TX002167,AC00448,M073,222.96,electronics,Credit,D000328,30.0,1,65,7370.41,150,1679592,17,3,6917,0
2167,TX002168,AC00446,M066,79.77,electronics,Debit,D000390,30.0,1,68,5010.31,167,1674492,16,0,1817,0
2168,TX002169,AC00460,M013,431.08,travel,Debit,D000339,30.0,1,59,6760.22,25,1689618,18,0,16943,0
2169,TX002170,AC00020,M034,592.24,electronics,Debit,D000201,30.0,1,52,9817.05,140,1697474,16,0,24799,0
2170,TX002171,AC00202,M030,200.19,travel,Credit,D000398,30.0,1,52,4389.96,108,1689703,18,1,17028,0
2171,TX002172,AC00458,M071,297.5,travel,Credit,D000320,30.0,1,73,6768.14,80,1679937,17,0,7262,0
2172,TX002173,AC00139,M069,345.86,electronics,Debit,D000448,30.0,1,51,1504.64,145,1700498,16,0,27823,0
2173,TX002174,AC00210,M068,343.88,digital_goods,Debit,D000608,30.0,1,63,6486.18,97,1702312,16,0,29637,0
2174,TX002175,AC00399,M093,16.52,digital_goods,Credit,D000269,30.0,1,25,835.53,135,1672851,17,2,176,0
2175,TX002176,AC00267,M078,162.1,travel,Debit,D000418,30.0,1,41,8576.65,151,1701884,17,2,29209,0
2176,TX002177,AC00414,M085,36.12,digital_goods,Debit,D000630,30.0,1,22,1593.03,234,1701280,17,2,28605,0
2177,TX002178,AC00272,M086,354.91,electronics,Debit,D000174,30.0,1,74,3872.55,191,1702917,16,0,30242,0
2178,TX002179,AC00220,M068,38.41,electronics,Debit,D000449,30.0,1,40,9129.68,117,1681229,16,1,8554,0
2179,TX002180,AC00276,M066,53.52,travel,Debit,D000584,30.0,1,49,2227.49,55,1680279,16,4,7604,0
2180,TX002181,AC00084,M060,498.59,digital_goods,Debit,D000553,30.0,1,57,2619.46,138,1698086,18,0,25411,0
2181,TX002182,AC00189,M009,13.3,electronics,Debit,D000167,30.0,1,23,213.0,63,1686069,16,1,13394,0
2182,TX002183,AC00209,M100,189.65,electronics,Debit,D000346,30.0,1,21,8457.09,60,1695659,16,0,22984,0
2183,TX002184,AC00324,M018,255.32,electronics,Debit,D000652,30.0,1,80,6290.62,27,1694621,16,2,21946,0
2184,TX002185,AC00159,M062,230.51,travel,Credit,D000599,30.0,1,51,9522.37,56,1676656,18,4,3981,0
2185,TX002186,AC00497,M022,237.74,electronics,Debit,D000171,30.0,1,61,11795.12,152,1686595,18,0,13920,0
2186,TX002187,AC00257,M080,512.76,electronics,Debit,D000678,30.0,1,52,5121.36,26,1681231,16,1,8556,0
2187,TX002188,AC00353,M044,151.37,electronics,Debit,D000017,30.0,1,54,8356.08,53,1680540,16,0,7865,0
2188,TX002189,AC00115,M014,85.01,electronics,Credit,D000185,30.0,1,25,1299.4,157,1674498,18,0,1823,0
2189,TX002190,AC00478,M005,444.47,digital_goods,Debit,D000031,30.0,1,57,6062.94,61,1673885,16,0,1210,0
2190,TX002191,AC00497,M035,184.19,electronics,Debit,D000396,30.0,1,67,7588.67,58,1682353,16,0,9678,0
2191,TX002192,AC00131,M086,879.25,digital_goods,Credit,D000073,30.0,1,24,125.85,137,1699379,17,1,26704,0
2192,TX002193,AC00059,M013,55.98,travel,Credit,D000551,30.0,1,24,7047.04,87,1695660,16,0,22985,0
2193,TX002194,AC00101,M010,54.91,electronics,Credit,D000091,30.0,1,41,7927.27,275,1676304,16,0,3629,0
2194,TX002195,AC00418,M037,1047.69,digital_goods,Debit,D000008,30.0,1,20,1889.78,139,1697473,16,0,24798,0
2195,TX002196,AC00384,M099,393.74,digital_goods,Debit,D000407,30.0,1,26,1769.06,90,1701713,18,0,29038,0
2196,TX002197,AC00496,M046,58.94,digital_goods,Debit,D000686,30.0,1,30,4575.98,26,1673885,16,0,1210,0
2197,TX002198,AC00145,M027,515.57,electronics,Debit,D000196,30.0,1,27,9269.67,56,1672680,17,0,5,0
2198,TX002199,AC00131,M030,332.15,electronics,Debit,D000421,30.0,1,59,9749.46,105,1697476,17,0,24801,0
2199,TX002200,AC00224,M088,177.94,digital_goods,Debit,D000698,30.0,1,19,123.24,173,1695744,16,1,23069,0
2200,TX002201,AC00219,M094,68.68,digital_goods,Debit,D000362,30.0,1,49,4718.51,141,1695053,16,0,22378,0
2201,TX002202,AC00385,M075,1431.54,digital_goods,Debit,D000490,30.0,1,20,1171.98,84,1702311,16,0,29636,0
2202,TX002203,AC00133,M079,240.03,digital_goods,Debit,D000575,30.0,1,33,7807.73,31,1677518,17,0,4843,0
2203,TX002204,AC00056,M068,168.34,electronics,Debit,D000638,30.0,1,64,7483.01,240,1687889,18,1,15214,0
2204,TX002205,AC00358,M038,474.77,digital_goods,Debit,D000164,30.0,1,46,8494.53,284,1696616,18,4,23941,0
2205,TX002206,AC00419,M017,451.7,digital_goods,Debit,D000250,30.0,1,29,8994.67,103,1677689,16,2,5014,0
2206,TX002207,AC00464,M082,243.85,travel,Debit,D000300,30.0,1,39,4576.78,43,1703090,16,2,30415,0
2207,TX002208,AC00430,M070,5.76,travel,Debit,D000277,30.0,1,38,5859.79,164,1693242,17,0,20567,0
2208,TX002209,AC00071,M038,435.08,digital_goods,Debit,D000513,30.0,1,55,2103.41,78,1690214,16,0,17539,0
2209,TX002210,AC00404,M050,127.78,electronics,Debit,D000586,30.0,1,20,1046.66,170,1682440,16,1,9765,0
2210,TX002211,AC00349,M064,23.14,digital_goods,Credit,D000555,30.0,1,47,10536.54,93,1700069,17,2,27394,0
2211,TX002212,AC00235,M026,545.87,travel,Debit,D000676,30.0,1,27,4860.01,41,1672677,16,0,2,0
2212,TX002213,AC00228,M063,21.21,digital_goods,Debit,D000338,30.0,1,55,9575.42,37,1701706,16,0,29031,0
2213,TX002214,AC00024,M025,423.53,travel,Credit,D000239,30.0,1,50,5453.4,81,1691687,17,3,19012,0
2214,TX002215,AC00330,M056,142.1,digital_goods,Credit,D000244,30.0,1,18,1545.64,109,1686244,17,3,13569,0
2215,TX002216,AC00290,M016,1413.24,electronics,Debit,D000356,30.0,1,58,7272.01,199,1699297,18,0,26622,0
2216,TX002217,AC00042,M001,114.15,electronics,Debit,D000395,30.0,1,19,1612.4,52,1676998,16,1,4323,0
2217,TX002218,AC00203,M053,275.98,digital_goods,Credit,D000652,30.0,1,72,6151.05,67,1702656,16,4,29981,0
2218,TX002219,AC00248,M037,590.68,travel,Debit,D000249,30.0,1,27,852.2,23,1695660,16,0,22985,0
2219,TX002220,AC00140,M057,152.42,electronics,Debit,D000164,30.0,1,42,9141.79,176,1698079,16,0,25404,0
2220,TX002221,AC00095,M095,395.77,travel,Credit,D000281,30.0,1,43,6425.99,118,1677515,16,0,4840,0
2221,TX002222,AC00225,M080,615.16,digital_goods,Debit,D000092,30.0,1,26,214.61,140,1675701,16,0,3026,0
2222,TX002223,AC00445,M078,207.82,digital_goods,Credit,D000181,30.0,1,19,229.02,30,1677602,16,1,4927,0
2223,TX002224,AC00385,M054,220.52,electronics,Debit,D000512,30.0,1,57,1793.09,152,1686154,16,2,13479,0
2224,TX002225,AC00143,M029,281.47,electronics,Debit,D000469,30.0,1,34,4437.48,142,1692378,17,4,19703,0
2225,TX002226,AC00448,M079,57.91,travel,Credit,D000391,30.0,1,58,3641.06,97,1701189,16,1,28514,0
2226,TX002227,AC00273,M073,30.48,travel,Credit,D000481,30.0,1,32,11481.85,78,1701707,16,0,29032,0
2227,TX002228,AC00291,M020,1152.58,travel,Debit,D000159,30.0,1,65,7567.17,180,1694627,17,2,21952,0
2228,TX002229,AC00337,M088,453.09,travel,Debit,D000149,30.0,1,48,6708.65,97,1685982,16,0,13307,0
2229,TX002230,AC00332,M050,424.47,digital_goods,Debit,D000419,30.0,1,22,5491.55,116,1677513,16,0,4838,0
2230,TX002231,AC00040,M060,228.4,electronics,Debit,D000315,30.0,1,67,9598.43,116,1672935,16,3,260,0
2231,TX002232,AC00089,M034,67.17,digital_goods,Debit,D000564,30.0,1,63,14410.44,48,1688407,18,0,15732,0
2232,TX002233,AC00231,M042,284.89,digital_goods,Debit,D000039,30.0,1,53,9738.6,115,1702921,17,0,30246,0
2233,TX002234,AC00277,M029,118.69,digital_goods,Debit,D000217,30.0,1,33,749.34,296,1676313,18,0,3638,0
2234,TX002235,AC00465,M015,221.33,electronics,Debit,D000383,30.0,1,27,1185.43,276,1697653,18,2,24978,0
2235,TX002236,AC00205,M037,252.31,electronics,Credit,D000419,30.0,1,26,1584.6,172,1680106,16,2,7431,0
2236,TX002237,AC00036,M041,58.85,digital_goods,Credit,D000517,30.0,1,71,1789.8,115,1684170,17,0,11495,0
2237,TX002238,AC00227,M002,194.68,digital_goods,Debit,D000481,30.0,1,32,14494.18,165,1682353,16,0,9678,0
2238,TX002239,AC00251,M098,433.53,travel,Debit,D000573,30.0,1,38,6368.32,231,1697735,17,3,25060,0
2239,TX002240,AC00298,M003,178.26,electronics,Debit,D000302,30.0,1,59,1137.13,59,1697475,16,0,24800,0
2240,TX002241,AC00315,M066,207.65,digital_goods,Debit,D000511,30.0,1,34,5143.8,98,1694451,16,0,21776,0
2241,TX002242,AC00292,M076,237.0,digital_goods,Debit,D000277,30.0,1,49,14021.4,115,1676047,16,4,3372,0
2242,TX002243,AC00252,M067,1169.59,digital_goods,Debit,D000484,30.0,1,28,5946.45,114,1703524,17,0,30849,0
2243,TX002244,AC00400,M025,347.63,digital_goods,Credit,D000561,30.0,1,25,1400.04,272,1702485,16,2,29810,0
2244,TX002245,AC00384,M066,517.68,electronics,Debit,D000076,30.0,1,31,11305.81,24,1680717,17,2,8042,0
2245,TX002246,AC00329,M059,36.25,travel,Debit,D000284,30.0,1,52,193.06,76,1701109,18,0,28434,0
2246,TX002247,AC00033,M082,46.53,electronics,Debit,D000287,30.0,1,42,4468.12,34,1687454,17,3,14779,0
2247,TX002248,AC00003,M045,207.47,electronics,Debit,D000643,30.0,1,53,1688.9,12,1696273,18,0,23598,0
2248,TX002249,AC00429,M084,199.7,electronics,Debit,D000545,30.0,1,43,7574.45,285,1680547,18,0,7872,0
2249,TX002250,AC00488,M032,307.89,digital_goods,Credit,D000260,30.0,1,62,2637.55,90,1689006,16,0,16331,0
2250,TX002251,AC00325,M042,403.63,travel,Debit,D000573,30.0,3,31,3304.02,167,1686243,16,3,13568,0
2251,TX002252,AC00359,M017,20.06,electronics,Debit,D000184,30.0,1,27,445.21,144,1681922,16,2,9247,0
2252,TX002253,AC00478,M023,236.57,electronics,Debit,D000656,30.0,1,79,3488.77,112,1693590,17,4,20915,0
2253,TX002254,AC00236,M033,0.32,electronics,Debit,D000129,30.0,1,39,7158.58,136,1691171,17,4,18496,0
2254,TX002255,AC00085,M059,14.28,electronics,Debit,D000429,30.0,1,23,1597.51,81,1694797,17,4,22122,0
2255,TX002256,AC00349,M048,232.35,travel,Credit,D000438,30.0,1,33,4186.25,153,1683908,16,4,11233,0
2256,TX002257,AC00314,M070,317.53,digital_goods,Debit,D000034,30.0,1,44,6237.68,104,1677263,18,4,4588,0
2257,TX002258,AC00056,M074,74.67,electronics,Debit,D000667,30.0,1,43,3449.35,283,1684172,17,0,11497,0
2258,TX002259,AC00399,M004,65.01,digital_goods,Credit,D000697,30.0,1,29,10235.19,67,1698168,17,1,25493,0
2259,TX002260,AC00324,M078,0.45,travel,Debit,D000334,30.0,1,34,8670.23,172,1690392,17,2,17717,0
2260,TX002261,AC00095,M070,364.13,electronics,Debit,D000080,30.0,1,63,8198.0,61,1675440,16,4,2765,0
2261,TX002262,AC00086,M029,340.13,travel,Debit,D000203,30.0,3,24,1149.74,32,1675704,17,0,3029,0
2262,TX002263,AC00279,M018,15.81,travel,Debit,D000606,30.0,4,69,8384.85,11,1677782,18,3,5107,1
2263,TX002264,AC00431,M038,222.66,digital_goods,Debit,D000106,30.0,1,39,14466.38,88,1687968,16,2,15293,0
2264,TX002265,AC00369,M047,638.24,travel,Debit,D000225,30.0,1,48,5695.78,64,1678385,18,3,5710,0
2265,TX002266,AC00089,M037,241.21,electronics,Debit,D000264,30.0,1,31,1220.86,108,1695659,16,0,22984,0
2266,TX002267,AC00035,M058,171.16,digital_goods,Debit,D000459,30.0,1,51,6126.5,42,1695918,16,3,23243,0
2267,TX002268,AC00416,M092,1360.67,travel,Debit,D000017,30.0,1,29,2861.65,118,1681922,16,2,9247,0
2268,TX002269,AC00056,M062,37.65,digital_goods,Credit,D000211,30.0,1,27,411.78,109,1695662,17,0,22987,0
2269,TX002270,AC00197,M054,25.77,digital_goods,Debit,D000428,30.0,1,68,4331.54,18,1696264,16,0,23589,0
2270,TX002271,AC00396,M038,789.8,electronics,Debit,D000271,30.0,1,40,13948.09,94,1689005,16,0,16330,0
2271,TX002272,AC00295,M030,308.85,travel,Credit,D000342,30.0,2,20,333.19,33,1701281,18,2,28606,0
2272,TX002273,AC00268,M088,1454.52,electronics,Debit,D000598,30.0,1,27,1189.03,20,1695399,16,4,22724,1
2273,TX002274,AC00357,M028,806.97,digital_goods,Debit,D000691,30.0,1,25,102.2,11,1678211,17,1,5536,1
2274,TX002275,AC00490,M027,364.81,digital_goods,Debit,D000079,30.0,1,25,1145.23,53,1687800,17,0,15125,0
2275,TX002276,AC00367,M029,490.82,electronics,Debit,D000573,30.0,1,26,8704.27,114,1685642,18,3,12967,0
2276,TX002277,AC00093,M013,1021.38,travel,Debit,D000256,30.0,1,61,6223.26,125,1674845,18,4,2170,0
2277,TX002278,AC00177,M045,311.28,travel,Debit,D000515,30.0,1,49,135.96,198,1684773,16,0,12098,0
2278,TX002279,AC00118,M020,85.03,electronics,Debit,D000109,30.0,1,51,4597.57,48,1681145,16,0,8470,0
2279,TX002280,AC00183,M085,307.75,travel,Debit,D000612,30.0,1,64,1061.58,63,1681322,17,2,8647,0
2280,TX002281,AC00137,M037,333.67,digital_goods,Debit,D000288,30.0,1,36,9238.08,68,1688666,18,3,15991,0
2281,TX002282,AC00225,M028,589.89,travel,Debit,D000252,30.0,3,56,9404.63,213,1697819,16,4,25144,0
2282,TX002283,AC00191,M032,372.08,travel,Debit,D000470,30.0,1,66,13330.74,63,1678120,16,0,5445,0
2283,TX002284,AC00373,M001,502.9,digital_goods,Credit,D000384,30.0,1,26,341.24,141,1695057,17,0,22382,0
2284,TX002285,AC00167,M098,103.81,electronics,Debit,D000283,30.0,1,36,7044.63,34,1695832,16,2,23157,0
2285,TX002286,AC00149,M003,69.43,electronics,Debit,D000472,30.0,1,30,9281.85,162,1675705,17,0,3030,0
2286,TX002287,AC00453,M033,110.4,electronics,Credit,D000153,30.0,1,56,8639.36,62,1695315,16,3,22640,0
2287,TX002288,AC00253,M013,275.65,travel,Credit,D000241,30.0,1,28,4957.57,14,1692031,16,0,19356,0
2288,TX002289,AC00149,M043,336.01,digital_goods,Debit,D000216,30.0,4,63,9938.2,121,1699555,18,3,26880,0
2289,TX002290,AC00359,M020,251.8,electronics,Debit,D000657,30.0,1,62,11796.66,102,1680538,16,0,7863,0
2290,TX002291,AC00050,M054,334.07,travel,Debit,D000440,30.0,1,59,7306.79,200,1691774,17,4,19099,0
2291,TX002292,AC00054,M046,52.44,digital_goods,Debit,D000427,30.0,1,27,3157.75,87,1694026,18,2,21351,0
2292,TX002293,AC00388,M060,1030.85,electronics,Debit,D000645,30.0,1,25,1941.8,39,1693848,17,0,21173,0
2293,TX002294,AC00322,M026,141.37,digital_goods,Debit,D000119,30.0,1,46,1019.77,77,1689958,16,4,17283,0
2294,TX002295,AC00140,M064,211.7,digital_goods,Credit,D000157,30.0,1,50,12272.78,205,1699894,16,0,27219,0
2295,TX002296,AC00138,M073,61.4,travel,Debit,D000599,30.0,2,41,7892.87,20,1675097,16,0,2422,0
2296,TX002297,AC00408,M058,308.23,electronics,Debit,D000008,30.0,1,60,4150.63,23,1681747,16,0,9072,0
2297,TX002298,AC00219,M079,111.41,travel,Debit,D000162,30.0,1,21,1204.11,181,1703697,17,2,31022,0
2298,TX002299,AC00339,M065,675.49,electronics,Debit,D000420,30.0,1,61,1893.0,159,1678897,16,2,6222,0
2299,TX002300,AC00446,M084,29.72,electronics,Debit,D000132,30.0,1,26,1059.62,38,1689786,17,2,17111,0
2300,TX002301,AC00038,M044,301.73,digital_goods,Debit,D000006,30.0,1,67,990.74,163,1687884,16,1,15209,0
2301,TX002302,AC00387,M046,294.61,travel,Debit,D000652,30.0,1,60,7375.59,74,1695927,18,3,23252,0
2302,TX002303,AC00126,M063,106.43,electronics,Credit,D000498,30.0,1,52,9403.12,164,1681752,17,0,9077,0
2303,TX002304,AC00155,M052,381.52,digital_goods,Debit,D000306,30.0,1,36,5798.92,79,1700498,16,0,27823,0
2304,TX002305,AC00494,M058,1142.76,digital_goods,Credit,D000027,30.0,1,25,1498.93,71,1678900,17,2,6225,0
2305,TX002306,AC00202,M029,5.66,travel,Debit,D000082,30.0,1,40,5434.64,33,1701715,18,0,29040,0
2306,TX002307,AC00489,M091,209.09,electronics,Debit,D000058,30.0,1,48,9100.81,203,1699382,18,1,26707,0
2307,TX002308,AC00378,M058,521.81,electronics,Debit,D000495,30.0,1,47,4750.96,34,1700155,17,3,27480,0
2308,TX002309,AC00255,M068,588.36,digital_goods,Debit,D000356,30.0,1,33,8434.99,134,1673280,16,0,605,0
2309,TX002310,AC00331,M025,146.67,digital_goods,Debit,D000534,30.0,1,20,1569.75,273,1698768,16,1,26093,0
2310,TX002311,AC00243,M022,176.52,digital_goods,Credit,D000333,30.0,5,73,7132.08,94,1678813,17,1,6138,0
2311,TX002312,AC00066,M089,57.34,digital_goods,Debit,D000370,30.0,1,27,1100.64,81,1698077,16,0,25402,0
2312,TX002313,AC00166,M087,294.77,digital_goods,Debit,D000451,30.0,1,77,2272.17,101,1696958,17,1,24283,0
2313,TX002314,AC00288,M015,881.32,digital_goods,Debit,D000354,30.0,1,31,2287.93,59,1693502,17,3,20827,0
2314,TX002315,AC00005,M098,162.59,travel,Debit,D000401,30.0,1,64,7104.83,19,1677082,16,2,4407,0
2315,TX002316,AC00191,M089,56.15,travel,Debit,D000336,30.0,1,31,13265.92,77,1703789,18,3,31114,0
2316,TX002317,AC00443,M039,524.55,electronics,Debit,D000279,30.0,1,39,8292.75,175,1695141,16,1,22466,0
2317,TX002318,AC00096,M023,535.4,travel,Debit,D000453,30.0,1,23,651.84,110,1683916,18,4,11241,0
2318,TX002319,AC00225,M088,56.84,electronics,Debit,D000654,30.0,1,45,7977.78,185,1692034,17,0,19359,0
2319,TX002320,AC00042,M020,135.94,travel,Debit,D000489,30.0,1,71,4710.21,258,1674060,16,2,1385,0
2320,TX002321,AC00460,M021,47.1,travel,Credit,D000545,30.0,1,42,6308.07,178,1688405,17,0,15730,0
2321,TX002322,AC00378,M031,124.05,travel,Credit,D000652,30.0,1,61,7009.54,220,1698252,16,2,25577,0
2322,TX002323,AC00322,M037,802.89,electronics,Debit,D000050,30.0,1,19,1973.63,175,1693247,18,0,20572,0
2323,TX002324,AC00328,M100,193.16,electronics,Debit,D000295,30.0,1,64,2304.56,109,1680799,16,3,8124,0
2324,TX002325,AC00337,M094,541.52,travel,Credit,D000336,30.0,1,48,6087.24,161,1687974,17,2,15299,0
2325,TX002326,AC00003,M088,20.17,electronics,Debit,D000287,30.0,1,77,3869.37,86,1672677,16,0,2,0
2326,TX002327,AC00146,M004,35.98,travel,Credit,D000662,30.0,1,40,11147.34,133,1692288,16,3,19613,0
2327,TX002328,AC00004,M011,273.24,travel,Debit,D000626,30.0,1,51,2202.21,173,1702400,16,1,29725,0
2328,TX002329,AC00386,M076,663.45,electronics,Debit,D000564,30.0,1,67,5897.29,147,1702401,17,1,29726,0
2329,TX002330,AC00187,M058,343.86,travel,Debit,D000134,30.0,1,57,3278.65,70,1676306,16,0,3631,0
2330,TX002331,AC00415,M042,69.38,travel,Debit,D000191,30.0,2,69,12072.11,280,1673453,16,2,778,0
2331,TX002332,AC00315,M096,75.43,electronics,Debit,D000280,30.0,1,77,1441.86,266,1692028,16,0,19353,0
2332,TX002333,AC00297,M060,414.64,travel,Debit,D000698,30.0,1,32,7253.22,74,1680539,16,0,7864,0
2333,TX002334,AC00304,M100,86.79,travel,Debit,D000514,30.0,1,33,8795.37,166,1674491,16,0,1816,0
2334,TX002335,AC00016,M047,1105.88,electronics,Debit,D000159,30.0,1,34,2636.32,36,1678124,17,0,5449,0
2335,TX002336,AC00048,M027,14.1,travel,Debit,D000099,30.0,1,45,6949.21,73,1703524,17,0,30849,0
2336,TX002337,AC00485,M014,63.33,travel,Credit,D000485,30.0,1,23,792.33,124,1703610,17,1,30935,0
2337,TX002338,AC00064,M018,606.27,travel,Debit,D000326,30.0,1,29,9668.78,42,1687453,17,3,14778,0
2338,TX002339,AC00081,M033,4.47,travel,Debit,D000239,30.0,1,27,1381.75,132,1692030,16,0,19355,0
2339,TX002340,AC00228,M044,289.01,digital_goods,Debit,D000202,30.0,1,66,4226.26,96,1693240,16,0,20565,0
2340,TX002341,AC00204,M026,338.69,travel,Debit,D000476,30.0,1,18,1137.89,169,1698086,18,0,25411,0
2341,TX002342,AC00144,M018,97.73,travel,Debit,D000038,30.0,1,69,7885.21,156,1685382,17,0,12707,0
2342,TX002343,AC00420,M046,1021.16,electronics,Debit,D000100,30.0,1,20,9427.06,104,1697477,17,0,24802,0
2343,TX002344,AC00448,M015,27.61,electronics,Credit,D000463,30.0,1,54,3679.64,26,1678465,16,4,5790,0
2344,TX002345,AC00363,M074,284.17,electronics,Debit,D000247,30.0,1,51,3479.56,189,1684944,16,2,12269,0
2345,TX002346,AC00396,M055,76.21,travel,Debit,D000275,30.0,1,22,664.93,69,1673368,16,1,693,0
2346,TX002347,AC00456,M097,334.79,travel,Credit,D000673,30.0,1,69,624.09,292,1700502,17,0,27827,0
2347,TX002348,AC00363,M010,584.51,electronics,Debit,D000697,30.0,1,74,3254.56,76,1692985,17,4,20310,0
2348,TX002349,AC00326,M008,432.18,travel,Debit,D000023,30.0,1,18,678.83,162,1684513,16,4,11838,0
2349,TX002350,AC00500,M026,134.55,digital_goods,Debit,D000219,30.0,1,59,14852.42,165,1696869,16,0,24194,0
2350,TX002351,AC00076,M085,61.66,electronics,Debit,D000125,30.0,1,26,5705.4,86,1676046,16,4,3371,0
2351,TX002352,AC00063,M092,12.35,travel,Debit,D000213,30.0,1,25,1846.85,22,1675708,18,0,3033,0
2352,TX002353,AC00376,M076,213.25,travel,Debit,D000441,30.0,1,25,677.79,63,1677173,17,3,4498,0
2353,TX002354,AC00392,M056,34.93,travel,Debit,D000434,30.0,1,31,2810.37,72,1697472,16,0,24797,0
2354,TX002355,AC00282,M004,959.48,travel,Debit,D000120,30.0,1,67,10631.43,36,1673368,16,1,693,0
2355,TX002356,AC00238,M062,335.68,digital_goods,Debit,D000558,30.0,1,24,1188.95,142,1699291,17,0,26616,0
2356,TX002357,AC00130,M086,423.96,electronics,Debit,D000042,30.0,1,43,8374.38,75,1675104,18,0,2429,0
2357,TX002358,AC00194,M095,361.38,digital_goods,Credit,D000444,30.0,3,72,4972.92,71,1677776,17,3,5101,0
2358,TX002359,AC00132,M089,220.82,travel,Debit,D000297,30.0,1,42,4298.13,31,1703867,16,4,31192,0
2359,TX002360,AC00071,M020,717.36,digital_goods,Credit,D000035,30.0,1,22,514.88,138,1672678,17,0,3,0
2360,TX002361,AC00457,M004,406.12,electronics,Debit,D000109,30.0,1,42,10501.53,106,1691083,17,3,18408,0
2361,TX002362,AC00153,M066,427.83,electronics,Debit,D000529,30.0,1,47,3293.06,29,1683738,17,2,11063,0
2362,TX002363,AC00003,M091,416.62,digital_goods,Credit,D000495,30.0,1,26,9700.9,67,1678123,17,0,5448,0
2363,TX002364,AC00327,M084,21.9,electronics,Debit,D000216,30.0,1,28,1052.27,30,1681146,17,0,8471,0
2364,TX002365,AC00362,M020,717.74,digital_goods,Credit,D000030,30.0,1,42,8375.16,168,1702054,16,4,29379,0
2365,TX002366,AC00195,M087,393.68,electronics,Debit,D000034,30.0,1,55,10135.88,141,1695055,16,0,22380,0
2366,TX002367,AC00010,M069,281.91,travel,Debit,D000312,30.0,1,25,225.53,269,1673543,17,3,868,0
2367,TX002368,AC00032,M047,239.85,electronics,Debit,D000001,30.0,1,70,1477.63,50,1674749,16,3,2074,0
2368,TX002369,AC00202,M047,237.84,travel,Debit,D000111,30.0,1,26,8932.39,16,1695404,17,4,22729,0
2369,TX002370,AC00262,M016,459.29,digital_goods,Credit,D000610,30.0,1,64,1006.12,109,1674756,18,3,2081,0
2370,TX002371,AC00158,M016,196.49,travel,Debit,D000342,30.0,1,41,7516.56,65,1703266,17,4,30591,0
2371,TX002372,AC00465,M094,21.23,electronics,Debit,D000174,30.0,4,23,319.18,103,1694450,16,0,21775,0
2372,TX002373,AC00260,M077,95.23,digital_goods,Debit,D000287,30.0,3,20,966.88,60,1697482,18,0,24807,0
2373,TX002374,AC00130,M090,344.87,travel,Debit,D000608,30.0,1,58,7447.44,25,1693245,17,0,20570,0
2374,TX002375,AC00500,M070,129.62,electronics,Credit,D000179,30.0,1,23,620.28,124,1688662,16,3,15987,0
2375,TX002376,AC00384,M017,16.53,electronics,Debit,D000078,30.0,1,21,707.95,220,1690218,17,0,17543,0
2376,TX002377,AC00027,M042,277.02,electronics,Credit,D000561,30.0,1,46,8586.38,227,1699892,16,0,27217,0
2377,TX002378,AC00176,M014,13.02,travel,Debit,D000387,30.0,1,51,6076.45,42,1686759,16,2,14084,0
2378,TX002379,AC00150,M081,199.02,electronics,Debit,D000535,30.0,1,22,793.63,185,1675100,17,0,2425,0
2379,TX002380,AC00443,M035,684.5,travel,Debit,D000075,30.0,1,29,6258.63,76,1690829,18,0,18154,0
2380,TX002381,AC00098,M086,1173.74,digital_goods,Credit,D000639,30.0,1,61,10456.24,61,1695660,16,0,22985,0
2381,TX002382,AC00452,M087,45.92,electronics,Debit,D000622,30.0,1,26,544.56,23,1687195,17,0,14520,0
2382,TX002383,AC00119,M075,761.73,electronics,Debit,D000191,30.0,1,19,151.28,27,1694452,17,0,21777,1
2383,TX002384,AC00342,M051,331.38,electronics,Debit,D000621,30.0,1,42,844.55,122,1685466,17,1,12791,0
2384,TX002385,AC00190,M003,602.8,travel,Debit,D000333,30.0,1,60,7417.69,173,1679333,17,0,6658,0
2385,TX002386,AC00075,M097,64.12,travel,Credit,D000013,30.0,1,57,1029.09,222,1691687,17,3,19012,0
2386,TX002387,AC00450,M062,57.38,digital_goods,Debit,D000238,30.0,1,28,899.52,86,1676312,18,0,3637,0
2387,TX002388,AC00300,M036,94.64,electronics,Credit,D000543,30.0,1,28,586.76,144,1684175,18,0,11500,0
2388,TX002389,AC00183,M014,155.56,travel,Credit,D000033,30.0,1,19,129.79,64,1682352,16,0,9677,0
2389,TX002390,AC00079,M050,301.39,digital_goods,Credit,D000375,30.0,1,47,10548.58,104,1688487,16,1,15812,0
2390,TX002391,AC00004,M055,136.31,digital_goods,Debit,D000405,30.0,1,74,4384.95,65,1698683,16,0,26008,0
2391,TX002392,AC00063,M084,4.39,electronics,Debit,D000441,30.0,1,26,1429.61,63,1686585,16,0,13910,0
2392,TX002393,AC00345,M090,429.25,digital_goods,Debit,D000199,30.0,1,29,5019.68,107,1686587,16,0,13912,0
2393,TX002394,AC00177,M028,138.54,travel,Credit,D000022,30.0,1,60,8274.77,93,1672768,17,1,93,0
2394,TX002395,AC00165,M019,33.03,travel,Debit,D000376,30.0,1,21,935.88,28,1691686,16,3,19011,0
2395,TX002396,AC00097,M005,76.39,digital_goods,Debit,D000132,30.0,1,30,11584.32,80,1677515,16,0,4840,0
2396,TX002397,AC00241,M090,25.32,electronics,Debit,D000422,30.0,1,19,1642.34,25,1678211,17,1,5536,0
2397,TX002398,AC00308,M041,330.91,electronics,Debit,D000005,30.0,1,36,6481.35,28,1678123,17,0,5448,0
2398,TX002399,AC00308,M099,153.55,digital_goods,Debit,D000438,30.0,1,37,5619.91,16,1699466,17,2,26791,0
2399,TX002400,AC00088,M039,217.61,digital_goods,Debit,D000512,30.0,1,27,1661.1,120,1677605,17,1,4930,0
2400,TX002401,AC00370,M067,131.69,travel,Credit,D000044,30.0,1,53,2958.43,59,1697473,16,0,24798,0
2401,TX002402,AC00073,M024,953.17,digital_goods,Debit,D000114,30.0,1,60,3506.11,84,1697132,17,3,24457,0
2402,TX002403,AC00452,M051,68.49,digital_goods,Debit,D000558,30.0,1,67,6683.31,49,1698255,17,2,25580,0
2403,TX002404,AC00111,M096,1493.0,electronics,Debit,D000344,30.0,1,69,1619.16,151,1686157,17,2,13482,0
2404,TX002405,AC00150,M002,470.62,travel,Debit,D000642,30.0,1,57,12470.62,127,1677520,17,0,4845,0
2405,TX002406,AC00103,M045,385.35,travel,Debit,D000326,30.0,1,38,5184.13,269,1696353,17,1,23678,0
2406,TX002407,AC00176,M031,74.72,digital_goods,Debit,D000272,30.0,1,26,165.75,132,1690311,18,1,17636,0
2407,TX002408,AC00194,M001,352.03,digital_goods,Credit,D000599,30.0,1,27,4846.68,219,1686242,16,3,13567,0
2408,TX002409,AC00225,M096,275.87,electronics,Debit,D000302,30.0,1,25,1697.58,112,1693247,18,0,20572,0
2409,TX002410,AC00267,M084,90.94,electronics,Credit,D000594,30.0,1,63,3896.08,56,1700848,17,4,28173,0
2410,TX002411,AC00129,M074,206.25,electronics,Debit,D000045,30.0,1,74,3651.07,56,1696350,16,1,23675,0
2411,TX002412,AC00362,M067,116.76,electronics,Debit,D000496,30.0,1,51,4480.43,212,1673888,16,0,1213,0
2412,TX002413,AC00155,M033,91.5,electronics,Debit,D000113,30.0,1,47,667.66,77,1679934,16,0,7259,0
2413,TX002414,AC00019,M089,489.31,travel,Debit,D000293,30.0,1,43,5595.22,36,1680539,16,0,7864,0
2414,TX002415,AC00028,M064,1664.33,travel,Debit,D000072,30.0,1,18,1588.31,65,1695661,17,0,22986,0
2415,TX002416,AC00459,M051,414.49,digital_goods,Credit,D000311,30.0,1,58,12709.58,108,1676304,16,0,3629,0
2416,TX002417,AC00069,M045,315.13,travel,Debit,D000171,30.0,1,30,6570.94,143,1701792,16,1,29117,0
2417,TX002418,AC00046,M042,28.38,travel,Debit,D000202,30.0,1,45,8892.62,260,1696351,16,1,23676,0
2418,TX002419,AC00067,M073,456.05,travel,Debit,D000220,30.0,1,68,11729.51,20,1679072,17,4,6397,0
2419,TX002420,AC00257,M035,277.22,travel,Debit,D000582,30.0,1,35,12104.51,41,1692292,17,3,19617,0
2420,TX002421,AC00215,M002,54.84,digital_goods,Debit,D000140,30.0,1,52,3495.51,124,1683564,16,0,10889,0
2421,TX002422,AC00152,M010,29.92,digital_goods,Credit,D000672,30.0,1,68,7855.01,63,1704126,16,0,31451,0
2422,TX002423,AC00306,M072,133.06,digital_goods,Debit,D000616,30.0,1,35,8843.44,143,1675443,17,4,2768,0
2423,TX002424,AC00340,M086,332.06,electronics,Debit,D000365,30.0,4,29,11826.52,221,1687365,16,2,14690,0
2424,TX002425,AC00116,M004,14.34,digital_goods,Credit,D000620,30.0,1,67,7932.51,24,1697565,17,1,24890,0
2425,TX002426,AC00306,M095,468.32,digital_goods,Debit,D000200,30.0,1,69,4710.04,152,1686241,16,3,13566,0
2426,TX002427,AC00032,M093,582.17,travel,Debit,D000032,30.0,1,57,7310.83,135,1701964,16,3,29289,0
2427,TX002428,AC00374,M021,245.62,travel,Debit,D000045,30.0,1,23,1879.82,127,1702659,17,4,29984,0
2428,TX002429,AC00303,M029,981.9,digital_goods,Credit,D000686,30.0,1,43,9018.33,112,1701188,16,1,28513,0
2429,TX002430,AC00464,M090,83.6,electronics,Debit,D000236,30.0,1,47,13899.24,192,1703874,18,4,31199,0
2430,TX002431,AC00245,M035,331.22,travel,Credit,D000444,30.0,1,61,12613.25,161,1685032,16,3,12357,0
2431,TX002432,AC00373,M014,57.49,digital_goods,Credit,D000533,30.0,1,24,765.15,177,1700158,18,3,27483,0
2432,TX002433,AC00386,M029,85.58,electronics,Debit,D000502,30.0,1,55,7794.84,60,1700759,17,3,28084,0
2433,TX002434,AC00078,M056,157.56,travel,Debit,D000550,30.0,1,43,7541.16,159,1681232,17,1,8557,0
2434,TX002435,AC00424,M032,230.3,digital_goods,Debit,D000029,30.0,1,46,8356.88,24,1677257,16,4,4582,0
2435,TX002436,AC00033,M057,305.92,electronics,Debit,D000128,30.0,1,72,1445.47,88,1701880,16,2,29205,0
2436,TX002437,AC00046,M048,942.7,digital_goods,Debit,D000565,30.0,1,35,5141.32,29,1699287,16,0,26612,0
2437,TX002438,AC00298,M090,116.33,travel,Debit,D000391,30.0,1,27,1696.15,144,1676651,16,4,3976,0
2438,TX002439,AC00432,M078,537.71,digital_goods,Credit,D000073,30.0,1,19,1806.08,175,1680624,16,1,7949,0
2439,TX002440,AC00439,M055,538.17,travel,Credit,D000430,30.0,1,27,5908.04,252,1695749,17,1,23074,0
2440,TX002441,AC00407,M003,219.44,digital_goods,Debit,D000685,30.0,1,42,4207.27,23,1689876,18,3,17201,0
2441,TX002442,AC00004,M066,61.62,digital_goods,Debit,D000134,30.0,1,57,8365.37,19,1696867,16,0,24192,0
2442,TX002443,AC00079,M036,58.77,digital_goods,Debit,D000238,30.0,1,27,7261.7,191,1689266,16,3,16591,0
2443,TX002444,AC00356,M045,538.13,electronics,Debit,D000407,30.0,1,62,5008.59,165,1694108,17,3,21433,0
2444,TX002445,AC00269,M060,177.05,travel,Debit,D000603,30.0,1,24,4287.82,235,1693326,16,1,20651,0
2445,TX002446,AC00439,M029,403.01,digital_goods,Debit,D000677,30.0,3,63,10513.52,286,1693848,17,0,21173,0
2446,TX002447,AC00014,M038,719.76,travel,Debit,D000548,30.0,1,19,690.52,190,1680198,17,3,7523,0
2447,TX002448,AC00140,M029,163.22,digital_goods,Debit,D000193,30.0,1,26,1788.27,217,1680804,18,3,8129,0
2448,TX002449,AC00460,M036,242.85,digital_goods,Debit,D000068,30.0,1,42,4672.8,93,1698077,16,0,25402,0
2449,TX002450,AC00494,M095,291.22,digital_goods,Credit,D000555,30.0,1,41,3677.63,100,1699029,16,4,26354,0
2450,TX002451,AC00325,M077,56.52,electronics,Debit,D000146,30.0,1,42,6911.2,152,1701706,16,0,29031,0
2451,TX002452,AC00150,M052,195.8,digital_goods,Debit,D000511,30.0,1,39,12027.68,186,1677605,17,1,4930,0
2452,TX002453,AC00242,M004,66.76,travel,Credit,D000670,30.0,1,36,184.72,44,1682360,18,0,9685,0
2453,TX002454,AC00222,M002,190.9,digital_goods,Debit,D000390,30.0,1,28,101.25,40,1696868,16,0,24193,0
2454,TX002455,AC00170,M078,106.99,travel,Debit,D000092,30.0,1,38,5771.4,152,1700845,17,4,28170,0
2455,TX002456,AC00043,M044,655.81,electronics,Debit,D000567,30.0,2,55,4539.99,164,1683305,16,4,10630,0
2456,TX002457,AC00487,M052,107.1,digital_goods,Credit,D000453,30.0,1,25,193.8,175,1686933,16,4,14258,0
2457,TX002458,AC00315,M003,79.92,electronics,Debit,D000193,30.0,2,44,9138.76,274,1675704,17,0,3029,0
2458,TX002459,AC00312,M079,430.83,travel,Debit,D000195,30.0,1,18,941.49,292,1692029,16,0,19354,0
2459,TX002460,AC00483,M085,235.34,travel,Debit,D000631,30.0,1,26,566.83,68,1697472,16,0,24797,0
2460,TX002461,AC00430,M026,86.35,travel,Credit,D000280,30.0,1,52,1550.48,24,1693847,17,0,21172,0
2461,TX002462,AC00320,M069,337.99,electronics,Debit,D000420,30.0,1,70,9038.63,115,1677775,16,3,5100,0
2462,TX002463,AC00464,M065,577.13,travel,Credit,D000438,30.0,1,40,6640.51,66,1695833,16,2,23158,0
2463,TX002464,AC00436,M088,213.33,electronics,Debit,D000319,30.0,1,52,5400.44,161,1693240,16,0,20565,0
2464,TX002465,AC00279,M047,54.52,travel,Debit,D000582,30.0,1,32,6980.98,164,1677778,17,3,5103,0
2465,TX002466,AC00436,M068,100.13,travel,Debit,D000216,30.0,1,57,5209.16,168,1702312,16,0,29637,0
2466,TX002467,AC00251,M006,883.92,digital_goods,Credit,D000058,30.0,1,53,2342.64,129,1699027,16,4,26352,0
2467,TX002468,AC00412,M004,69.8,travel,Credit,D000361,30.0,1,27,136.77,138,1683043,16,1,10368,0
2468,TX002469,AC00284,M051,768.94,travel,Debit,D000281,30.0,1,64,6860.18,53,1697045,17,2,24370,0
2469,TX002470,AC00054,M082,179.62,digital_goods,Debit,D000504,30.0,1,24,409.26,119,1700064,16,2,27389,0
2470,TX002471,AC00128,M038,425.91,electronics,Debit,D000412,30.0,1,23,383.58,47,1679675,16,4,7000,0
2471,TX002472,AC00236,M084,263.34,electronics,Debit,D000506,30.0,1,64,2411.02,55,1678297,17,2,5622,0
2472,TX002473,AC00275,M001,113.03,digital_goods,Credit,D000521,30.0,1,36,6756.13,12,1678902,17,2,6227,0
2473,TX002474,AC00122,M070,11.02,digital_goods,Debit,D000371,30.0,1,42,7879.66,42,1690825,17,0,18150,0
2474,TX002475,AC00302,M009,865.17,travel,Debit,D000381,30.0,1,24,9297.5,161,1701969,17,3,29294,0
2475,TX002476,AC00058,M060,152.0,electronics,Debit,D000177,30.0,1,51,7531.43,63,1702923,18,0,30248,0
2476,TX002477,AC00058,M006,270.39,electronics,Debit,D000214,30.0,1,25,899.15,104,1686591,17,0,13916,0
2477,TX002478,AC00042,M071,246.41,electronics,Debit,D000501,30.0,1,54,1431.6,23,1685121,17,4,12446,0
2478,TX002479,AC00276,M073,336.84,electronics,Debit,D000559,30.0,1,22,4500.26,100,1678209,17,1,5534,0
2479,TX002480,AC00275,M071,261.45,digital_goods,Credit,D000005,30.0,1,50,6735.74,96,1698426,17,4,25751,0
2480,TX002481,AC00070,M093,99.98,digital_goods,Credit,D000269,30.0,1,73,3037.97,152,1680195,16,3,7520,0
2481,TX002482,AC00317,M066,400.69,digital_goods,Debit,D000107,30.0,1,32,9040.33,26,1680538,16,0,7863,0
2482,TX002483,AC00347,M080,411.47,electronics,Debit,D000110,30.0,1,26,796.63,120,1703521,16,0,30846,0
2483,TX002484,AC00179,M090,204.63,digital_goods,Debit,D000699,30.0,1,52,9199.52,92,1687369,17,2,14694,0
2484,TX002485,AC00172,M047,421.56,digital_goods,Debit,D000056,30.0,1,53,8037.87,144,1689703,17,1,17028,0
2485,TX002486,AC00051,M069,193.38,electronics,Debit,D000188,30.0,1,18,1081.79,285,1689869,16,3,17194,0
2486,TX002487,AC00202,M054,377.04,electronics,Debit,D000587,30.0,1,34,3812.87,64,1678985,16,3,6310,0
2487,TX002488,AC00125,M085,54.1,travel,Credit,D000031,30.0,1,28,940.91,17,1684518,17,4,11843,0
2488,TX002489,AC00311,M020,18.1,electronics,Debit,D000066,30.0,1,57,6474.34,66,1681489,16,4,8814,0
2489,TX002490,AC00116,M021,408.62,digital_goods,Credit,D000684,30.0,1,48,2498.48,159,1684777,17,0,12102,0
2490,TX002491,AC00265,M018,162.1,travel,Debit,D000427,30.0,1,64,9578.74,221,1701706,16,0,29031,0
2491,TX002492,AC00493,M059,165.31,electronics,Debit,D000353,30.0,1,49,7346.66,28,1680537,16,0,7862,0
2492,TX002493,AC00057,M002,267.48,electronics,Debit,D000497,30.0,2,21,811.86,159,1675098,17,0,2423,0
2493,TX002494,AC00279,M088,856.9,travel,Debit,D000673,30.0,1,36,8579.69,150,1679069,16,4,6394,0
2494,TX002495,AC00322,M013,433.9,digital_goods,Debit,D000295,30.0,1,65,9013.1,37,1678469,17,4,5794,0
2495,TX002496,AC00182,M056,271.22,electronics,Credit,D000052,30.0,1,45,6863.02,87,1680538,16,0,7863,0
2496,TX002497,AC00432,M068,307.68,digital_goods,Credit,D000451,30.0,1,75,2052.84,162,1674062,17,2,1387,0
2497,TX002498,AC00030,M072,348.17,electronics,Debit,D000269,30.0,1,21,1887.84,181,1683741,17,2,11066,0
2498,TX002499,AC00407,M092,43.1,travel,Debit,D000254,30.0,1,25,6944.9,102,1696443,18,2,23768,0
2499,TX002500,AC00089,M072,557.78,travel,Credit,D000202,30.0,1,26,1289.48,102,1685465,16,1,12790,0
2500,TX002501,AC00375,M026,325.6,electronics,Debit,D000389,30.0,1,69,13777.1,88,1695744,16,1,23069,0
2501,TX002502,AC00216,M012,235.83,digital_goods,Credit,D000299,30.0,1,53,4120.75,169,1693585,16,4,20910,0
2502,TX002503,AC00069,M029,603.54,digital_goods,Debit,D000321,30.0,1,44,10517.47,26,1682094,16,4,9419,0
2503,TX002504,AC00427,M065,270.25,electronics,Debit,D000224,30.0,1,31,5414.97,42,1699289,16,0,26614,0
2504,TX002505,AC00047,M049,123.38,digital_goods,Debit,D000219,30.0,1,59,13542.41,40,1704129,17,0,31454,0
2505,TX002506,AC00377,M075,577.12,electronics,Debit,D000110,30.0,1,39,5265.88,69,1674841,17,4,2166,0
2506,TX002507,AC00258,M076,92.24,travel,Debit,D000531,30.0,1,60,6937.48,93,1681407,17,3,8732,0
2507,TX002508,AC00297,M072,856.21,travel,Credit,D000625,30.0,1,33,12690.79,109,1682528,17,2,9853,0
2508,TX002509,AC00322,M029,251.54,travel,Debit,D000410,30.0,1,48,254.75,177,1679506,17,2,6831,0
2509,TX002510,AC00095,M087,28.63,travel,Debit,D000095,30.0,1,56,3382.91,146,1692637,17,0,19962,0
2510,TX002511,AC00118,M041,185.97,digital_goods,Debit,D000634,30.0,1,23,1776.91,19,1677255,16,4,4580,0
2511,TX002512,AC00009,M041,243.08,digital_goods,Credit,D000215,30.0,1,24,131.25,93,1676391,16,1,3716,0
